{
  "repository": "https://github.com/OpenCPN/OpenCPN.git",
  "tag": "Release_5.12.4",
  "commit": "37fd0cddb7334fe489e9f18aa163977a9c5c84f7",
  "pluginApi": "1.20",
  "upstreamWindowsApplicationArchitecture": "x86",
  "requiredWindowsHostArchitecture": "x64",
  "specificationApplicationArchitecture": "x64",
  "approvedApplicationArchitecture": "x86",
  "architectureDecision": "Preserve supported OpenCPN ABI on 64-bit Windows; user approved 2026-09-21"
}
/home/standard/Projects/X-nav-worktrees/scrum259-linux-6dafd29/build/integration-source
-- cmake version: 4.4.3
Device "vcan0" does not exist.
-- tests using vcan0 are NOT available: ""
-- *** Host Build Architecture is x86_64
-- Setting C++17 standard via cmake standard mechanism
-- Final compiler options:
-- CMAKE_CXX_FLAGS: 
-- CMAKE_CXX_FLAGS_DEBUG: -g
-- CMAKE_CXX_FLAGS_MINSIZEREL: -Os -DNDEBUG
-- CMAKE_CXX_FLAGS_RELEASE: -O3 -DNDEBUG
-- CMAKE_CXX_FLAGS_RELWITHDEBINFO: -O2 -g -DNDEBUG
-- Building version 5.12.4
-- *** Staging to build opencpn 5.12.4 ***
-- *** Package will NOT include documentation ***
-- Building against GTK3...
-- Found OpenGL....
--     GL Lib: /usr/lib/libGL.so/usr/lib/libGLU.so
--     GL Include: /usr/include
--     Revised GL Lib: /usr/lib/libGL.so
-- Found wxWidgets: -L/home/standard/Projects/X-nav-worktrees/scrum259-linux-6dafd29/.local/sysroot/usr/lib;;-lwx_gtk3u_gl-3.2;-lwx_baseu_net-3.2;-lwx_baseu_xml-3.2;-lwx_gtk3u_html-3.2;-lwx_gtk3u_aui-3.2;-lwx_gtk3u_core-3.2;-lwx_baseu-3.2;-lwx_gtk3u_richtext-3.2 (found version "3.2.11")
-- Could not find wxWidgets webview add-on
-- Found wxWidgets...
--  wxWidgets Include: /home/standard/Projects/X-nav-worktrees/scrum259-linux-6dafd29/.local/sysroot/usr/lib/wx/include/gtk3-unicode-3.2;/home/standard/Projects/X-nav-worktrees/scrum259-linux-6dafd29/.local/sysroot/usr/include/wx-3.2
--  wxWidgets Libraries: -L/home/standard/Projects/X-nav-worktrees/scrum259-linux-6dafd29/.local/sysroot/usr/lib;;-lwx_gtk3u_gl-3.2;-lwx_baseu_net-3.2;-lwx_baseu_xml-3.2;-lwx_gtk3u_html-3.2;-lwx_gtk3u_aui-3.2;-lwx_gtk3u_core-3.2;-lwx_baseu-3.2;-lwx_gtk3u_richtext-3.2
--  Revised wxWidgets Libraries: -L/home/standard/Projects/X-nav-worktrees/scrum259-linux-6dafd29/.local/sysroot/usr/lib;-lwx_gtk3u_gl-3.2;-lwx_baseu_net-3.2;-lwx_baseu_xml-3.2;-lwx_gtk3u_html-3.2;-lwx_gtk3u_aui-3.2;-lwx_gtk3u_core-3.2;-lwx_baseu-3.2;-lwx_gtk3u_richtext-3.2
-- Found wxWidgets_VERSION_STRING: 3.2.11
-- 
-- *** Staging to build opencpn  ***
-- *** Build type: Release
-- *** Will install to /home/standard/Projects/X-nav-worktrees/scrum259-linux-6dafd29/build/xnav-install  ***
-- GarminHost is enabled.
-- selected config gtk3-unicode-3.2

-- Found OpenGL....
--     GL Lib: 
--     GL Include: /usr/include
-- Using system shapelib 
PatchFileCpp: using patched sources at /home/standard/Projects/X-nav-worktrees/scrum259-linux-6dafd29/build/xnav-linux/b2681f8
-- Applying patch 0001-ShapeFileReader-Fix-annoying-name-clash-add-accessor.patch
-- Applying patch 0002-Point-Fix-gcc-initializer-ordering-warning.patch
-- Applying patch 0003-ShapeFileReader-Fix-signedness-gcc-warning.patch
-- Applying patch 0004-cmake-Only-build-the-lib-directory.patch
-- Using patched libdnet at /home/standard/Projects/X-nav-worktrees/scrum259-linux-6dafd29/build/xnav-linux/libdnet
-- Could NOT find TinyXML (missing: TINYXML_INCLUDE_DIR TINYXML_LIBRARIES) 
-- SVG support enabled...
-- wxWidgets 3.1.6+ detected, using wxBitmapBundle for SVG
-- Using new serial library...
--     Adding local GLU
--     Revised GL Lib (with local): GLU_static/usr/lib/libGL.so/usr/lib/libGLU.so
--     Adding local LIBTESS2
-- Could NOT find TinyXML (missing: TINYXML_INCLUDE_DIR TINYXML_LIBRARIES) 
-- Building with bundled tinyxml
--     Adding local wxserverdisc
-- S57 ENC support: enabled
-- Garmin Host Mode support: enabled
-- Building with system lz4
-- mipmap SSE support enabled
-- Building with system lz4
-- Building for target (Platform; version; arch): n/a-x86_64; n/a; x86_64
-- asciidoc not found, cannot rebuild authors.html
-- TLS configured to use openssl
-- OpenSSL found   /usr/include /usr/lib/libssl.so;/usr/lib/libcrypto.so
-- Found OpenGL....
--     GL Lib: /usr/lib/libGL.so/usr/lib/libGLU.so
--     GL Include: /usr/include
-- OpenSSL found   /usr/include /usr/lib/libssl.so;/usr/lib/libcrypto.so
-- Using downloaded rapidjson at /home/standard/Projects/X-nav-worktrees/scrum259-linux-6dafd29/build/xnav-linux/_deps/rapidjson_src-src/include
CMake Error at build/integration-source/libs/rapidjson/cmake/PatchFile.cmake:29 (message):
  Failed to apply
  /home/standard/Projects/X-nav-worktrees/scrum259-linux-6dafd29/build/integration-source/libs/rapidjson/patches/0010-rapidjson-1.1.0-c++20.patch
  in
  /home/standard/Projects/X-nav-worktrees/scrum259-linux-6dafd29/build/xnav-linux/_deps/rapidjson_src-src
  using /usr/bin/patch


-- Applying patch 0010-rapidjson-1.1.0-c++20.patch
-- Applying patch 0011-do_not_include_gtest_src_dir.patch
-- Applying patch 0012-Fix-Wclass-memaccess-warnings-errors.patch
-- Applying patch 0013-gcc7.patch
-- Using systrem SQLite library version 3053004.
-- CMAKE_SYSTEM_NAME: Linux
-- Found Portaudio: /usr/lib/libportaudio.so
-- CLI sound command: "/usr/bin/aplay \"%s\""
-- Portaudio Found
-- libsndfile Found
-- CMAKE_BINARY_DIR: /home/standard/Projects/X-nav-worktrees/scrum259-linux-6dafd29/build/xnav-linux
-- *** Staging to build PlugIns ***
-- Libarchive version: 3.8.9
-- *** Staging to build chartdldr_pi ***
-- Found OpenGL...
--     Lib: /usr/lib/libGL.so/usr/lib/libGLU.so
--     Include: /usr/include
-- chartdldr_pi: Building without wxDATAVIEWLISTCTRL chart listing
-- Checking for one of the modules 'libunarr;unarr'
-- chartdldr_pi: using libarchive for rar files
-- *** Added plugin: /home/standard/Projects/X-nav-worktrees/scrum259-linux-6dafd29/build/integration-source/plugins/chartdldr_pi
-- 
-- *** Staging to build dashboard_pi ***
-- *** Added plugin: /home/standard/Projects/X-nav-worktrees/scrum259-linux-6dafd29/build/integration-source/plugins/dashboard_pi
-- *** Staging to build grib_pi ***
-- Using system jasper library...
-- *** Added plugin: /home/standard/Projects/X-nav-worktrees/scrum259-linux-6dafd29/build/integration-source/plugins/grib_pi
-- Build type: Release
-- *** Staging to build wmm_pi ***
-- Found OpenGL...
--     Lib: /usr/lib/libGL.so/usr/lib/libGLU.so
--     Include: /usr/include
-- Found OpenGL...
--     Lib: /usr/lib/libGL.so/usr/lib/libGLU.so
--     Include: /usr/include
-- *** Added plugin: /home/standard/Projects/X-nav-worktrees/scrum259-linux-6dafd29/build/integration-source/plugins/wmm_pi
-- *** Package will include tide and current data ***
-- ocpn: using external curl libraries...
--   curl includes: /usr/include
--   curl libraries: /usr/lib/libcurl.so
-- Checking for one of the modules 'libwxcurl;wxcurl'
-- Building with bundled wxcurl
-- OpenSSL found /usr/include /usr/lib/libssl.so;/usr/lib/libcrypto.so
-- Building with lzma support: /usr/lib/liblzma.so
-- Found LibELF...
--     ELF Lib: /usr/include
--     ELF Include: /usr/lib/libelf.so
-- OpenNav build purpose: DEVELOPER TEST BUILD (not an installable product)
-- Found wxWidgets: -L/home/standard/Projects/X-nav-worktrees/scrum259-linux-6dafd29/.local/sysroot/usr/lib;;-lwx_gtk3u_core-3.2;-lwx_baseu-3.2;-lwx_gtk3u_aui-3.2 (found suitable version "3.2.11", minimum required is "3.2")
Approved source, wordmark, embedded bytes and nine Windows icon sizes verified
Verified pinned resources; generated three chart palettes, bounded structural fill/outline and geographic-name ink, isolated anchor/service/cardinal and classified seamark artwork, cable/ferry paint and resource hashes; other navigation rules unchanged
-- Using system gtest libraries
-- Building tests
-- Configuring done (84.1s)
-- Generating done (0.5s)
-- Build files have been written to: /home/standard/Projects/X-nav-worktrees/scrum259-linux-6dafd29/build/xnav-linux
[1/63] Building CXX object libs/s52plib/CMakeFiles/S52PLIB.dir/src/chartsymbols.cpp.o
[2/63] Building CXX object libs/s52plib/CMakeFiles/S52PLIB.dir/src/s52cnsy.cpp.o
[3/63] Building CXX object libs/s52plib/CMakeFiles/S52PLIB.dir/src/s52plib.cpp.o
/home/standard/Projects/X-nav-worktrees/scrum259-linux-6dafd29/build/integration-source/libs/s52plib/src/s52plib.cpp: In member function ‘void s52plib::PLIB_LoadS57ObjectConfig(wxFileConfig*)’:
/home/standard/Projects/X-nav-worktrees/scrum259-linux-6dafd29/build/integration-source/libs/s52plib/src/s52plib.cpp:10192:28: warning: ‘char* strncpy(char*, const char*, size_t)’ specified bound 6 equals destination size [-Wstringop-truncation]
10192 |                     strncpy( pOLE->OBJLName, sObj.mb_str(), 6 );
      |                     ~~~~~~~^~~~~~~~~~~~~~~~~~~~~~~~~~~~~~~~~~~~
[4/63] Linking CXX static library libs/s52plib/libS52PLIB.a
[5/63] Building CXX object libs/ShapefileCpp/CMakeFiles/ShapefileCppLib.dir/__/__/b2681f8/lib/src/Schema.cpp.o
[6/63] Building CXX object libs/ShapefileCpp/CMakeFiles/ShapefileCppLib.dir/__/__/b2681f8/lib/src/ShapefileReader.cpp.o
[7/63] Building CXX object libs/ShapefileCpp/CMakeFiles/ShapefileCppLib.dir/__/__/b2681f8/lib/src/FeatureIterator.cpp.o
[8/63] Building CXX object libs/ShapefileCpp/CMakeFiles/ShapefileCppLib.dir/__/__/b2681f8/lib/src/GeometryType.cpp.o
[9/63] Building CXX object libs/ShapefileCpp/CMakeFiles/ShapefileCppLib.dir/__/__/b2681f8/lib/src/Geometry.cpp.o
[10/63] Building CXX object libs/ShapefileCpp/CMakeFiles/ShapefileCppLib.dir/__/__/b2681f8/lib/src/Bounds.cpp.o
[11/63] Building CXX object libs/ShapefileCpp/CMakeFiles/ShapefileCppLib.dir/__/__/b2681f8/lib/src/Point.cpp.o
[12/63] Building CXX object libs/ShapefileCpp/CMakeFiles/ShapefileCppLib.dir/__/__/b2681f8/lib/src/Line.cpp.o
[13/63] Building CXX object libs/ShapefileCpp/CMakeFiles/ShapefileCppLib.dir/__/__/b2681f8/lib/src/Ring.cpp.o
[14/63] Building CXX object libs/ShapefileCpp/CMakeFiles/ShapefileCppLib.dir/__/__/b2681f8/lib/src/Polygon.cpp.o
[15/63] Building CXX object libs/ShapefileCpp/CMakeFiles/ShapefileCppLib.dir/__/__/b2681f8/lib/src/MultiPoint.cpp.o
[16/63] Building CXX object libs/ShapefileCpp/CMakeFiles/ShapefileCppLib.dir/__/__/b2681f8/lib/src/MultiLine.cpp.o
[17/63] Building CXX object libs/ShapefileCpp/CMakeFiles/ShapefileCppLib.dir/__/__/b2681f8/lib/src/MultiPolygon.cpp.o
[18/63] Building CXX object libs/ShapefileCpp/CMakeFiles/ShapefileCppLib.dir/__/__/b2681f8/lib/src/Feature.cpp.o
[19/63] Building CXX object libs/ShapefileCpp/CMakeFiles/ShapefileCppLib.dir/__/__/b2681f8/lib/src/FieldType.cpp.o
[20/63] cd /home/standard/Projects/X-nav-worktrees/scrum259-linux-6dafd29/build/xnav-linux/libs/libdnet && /home/standard/Projects/X-nav-worktrees/scrum259-linux-6dafd29/.local/sysroot/usr/bin/cmake -E echo Built\ the\ libdnet\ library
Built the libdnet library
[21/63] Building CXX object libs/ShapefileCpp/CMakeFiles/ShapefileCppLib.dir/__/__/b2681f8/lib/src/Field.cpp.o
[22/63] Building CXX object CMakeFiles/opencpn.dir/gui/src/CanvasOptions.cpp.o
[23/63] Building CXX object CMakeFiles/opencpn.dir/gui/src/canvasMenu.cpp.o
[24/63] Building CXX object CMakeFiles/opencpn.dir/gui/src/chartdbs.cpp.o
[25/63] Building CXX object CMakeFiles/opencpn.dir/gui/src/cm93.cpp.o
[26/63] Building CXX object CMakeFiles/opencpn.dir/gui/src/color_handler.cpp.o
[27/63] Building CXX object CMakeFiles/opencpn.dir/gui/src/chcanv.cpp.o
[28/63] Building CXX object CMakeFiles/opencpn.dir/gui/src/iENCToolbar.cpp.o
[29/63] Building CXX object CMakeFiles/opencpn.dir/gui/src/ConfigMgr.cpp.o
[30/63] Building CXX object CMakeFiles/opencpn.dir/gui/src/navutil.cpp.o
[31/63] Building CXX object CMakeFiles/opencpn.dir/gui/src/ocpn_app.cpp.o
[32/63] Building CXX object CMakeFiles/opencpn.dir/gui/src/ocpn_plugin_gui.cpp.o
[33/63] Building CXX object CMakeFiles/opencpn.dir/gui/src/ocpn_frame.cpp.o
[34/63] Building CXX object CMakeFiles/opencpn.dir/gui/src/pluginmanager.cpp.o
[35/63] Building CXX object CMakeFiles/opencpn.dir/gui/src/options.cpp.o
[36/63] Building CXX object CMakeFiles/opencpn.dir/gui/src/Quilt.cpp.o
[37/63] Building CXX object CMakeFiles/opencpn.dir/gui/src/s57obj.cpp.o
[38/63] Building CXX object CMakeFiles/opencpn.dir/gui/src/shapefile_basemap.cpp.o
[39/63] Building CXX object CMakeFiles/opencpn.dir/gui/src/s57chart.cpp.o
[40/63] Building CXX object CMakeFiles/opencpn.dir/gui/src/toolbar.cpp.o
[41/63] Building CXX object CMakeFiles/opencpn.dir/gui/src/viewport.cpp.o
[42/63] Building CXX object CMakeFiles/opencpn.dir/gui/src/glChartCanvas.cpp.o
[43/63] Building CXX object CMakeFiles/opencpn.dir/home/standard/Projects/X-nav-worktrees/scrum259-linux-6dafd29/src/integration/PreviewDiagnostics.cpp.o
[44/63] Building CXX object CMakeFiles/opencpn.dir/home/standard/Projects/X-nav-worktrees/scrum259-linux-6dafd29/src/integration/OpenCPNIntegration.cpp.o
[45/63] Building CXX object CMakeFiles/opencpn.dir/home/standard/Projects/X-nav-worktrees/scrum259-linux-6dafd29/src/integration/InstallerSelfTest.cpp.o
[46/63] Building CXX object CMakeFiles/opencpn.dir/home/standard/Projects/X-nav-worktrees/scrum259-linux-6dafd29/src/integration/ChartPresentation.cpp.o
[47/63] Linking CXX static library libs/ShapefileCpp/libShapefileCppLib.a
[48/63] Linking CXX executable test/cli-server
[49/63] Building CXX object CMakeFiles/opencpn.dir/home/standard/Projects/X-nav-worktrees/scrum259-linux-6dafd29/src/integration/NavigationObjects.cpp.o
[50/63] Linking CXX executable test/ipc-client
[51/63] Linking CXX executable opencpn
[52/63] Linking CXX shared library plugins/chartdldr_pi/libchartdldr_pi.so
[53/63] Linking CXX shared library plugins/dashboard_pi/libdashboard_pi.so
[54/63] Building CXX object test/CMakeFiles/tests.dir/home/standard/Projects/X-nav-worktrees/scrum259-linux-6dafd29/src/integration/PreviewDiagnostics.cpp.o
[55/63] Linking CXX shared library plugins/grib_pi/libgrib_pi.so
[56/63] Linking CXX shared library plugins/wmm_pi/libwmm_pi.so
[57/63] Linking CXX executable cli/opencpn-cmd
[58/63] Linking CXX executable test/ipc-srv-tests
[59/63] Linking CXX executable test/tests
[60/63] Linking CXX executable test/buffer_tests
[61/63] Linking CXX executable test/dbus_tests
[62/63] Linking CXX executable test/wx-instance
[63/63] Linking CXX executable test/std-instance
-- Install configuration: "Release"
-- Up-to-date: /home/standard/Projects/X-nav-worktrees/scrum259-linux-6dafd29/build/xnav-install/share/opencpn/license.txt
-- Installing: /home/standard/Projects/X-nav-worktrees/scrum259-linux-6dafd29/build/xnav-install/bin/opencpn
-- Set non-toolchain portion of runtime path of "/home/standard/Projects/X-nav-worktrees/scrum259-linux-6dafd29/build/xnav-install/bin/opencpn" to ""
-- Up-to-date: /home/standard/Projects/X-nav-worktrees/scrum259-linux-6dafd29/build/xnav-install/share/opencpn/LINUX_DEVICES.md
-- Up-to-date: /home/standard/Projects/X-nav-worktrees/scrum259-linux-6dafd29/build/xnav-install/share/opencpn/ocpn-plugins.xml
-- Up-to-date: /home/standard/Projects/X-nav-worktrees/scrum259-linux-6dafd29/build/xnav-install/share/opencpn/uidata/styles.xml
-- Up-to-date: /home/standard/Projects/X-nav-worktrees/scrum259-linux-6dafd29/build/xnav-install/share/opencpn/uidata/toolicons_journeyman.png
-- Up-to-date: /home/standard/Projects/X-nav-worktrees/scrum259-linux-6dafd29/build/xnav-install/share/opencpn/uidata/toolicons_journeyman_flat.png
-- Up-to-date: /home/standard/Projects/X-nav-worktrees/scrum259-linux-6dafd29/build/xnav-install/share/opencpn/uidata/toolicons_traditional.png
-- Up-to-date: /home/standard/Projects/X-nav-worktrees/scrum259-linux-6dafd29/build/xnav-install/share/opencpn/uidata/iconRMinus.png
-- Up-to-date: /home/standard/Projects/X-nav-worktrees/scrum259-linux-6dafd29/build/xnav-install/share/opencpn/uidata/iconRPlus.png
-- Up-to-date: /home/standard/Projects/X-nav-worktrees/scrum259-linux-6dafd29/build/xnav-install/share/opencpn/uidata/iconMinimum.png
-- Up-to-date: /home/standard/Projects/X-nav-worktrees/scrum259-linux-6dafd29/build/xnav-install/share/opencpn/uidata/iconStandard.png
-- Up-to-date: /home/standard/Projects/X-nav-worktrees/scrum259-linux-6dafd29/build/xnav-install/share/opencpn/uidata/iconUserStd.png
-- Up-to-date: /home/standard/Projects/X-nav-worktrees/scrum259-linux-6dafd29/build/xnav-install/share/opencpn/uidata/iconAll.png
-- Up-to-date: /home/standard/Projects/X-nav-worktrees/scrum259-linux-6dafd29/build/xnav-install/share/opencpn/uidata/DragHandle.svg
-- Up-to-date: /home/standard/Projects/X-nav-worktrees/scrum259-linux-6dafd29/build/xnav-install/share/opencpn/uidata/eye.svg
-- Up-to-date: /home/standard/Projects/X-nav-worktrees/scrum259-linux-6dafd29/build/xnav-install/share/opencpn/uidata/eyex.svg
-- Up-to-date: /home/standard/Projects/X-nav-worktrees/scrum259-linux-6dafd29/build/xnav-install/share/opencpn/uidata/eyeGray.svg
-- Up-to-date: /home/standard/Projects/X-nav-worktrees/scrum259-linux-6dafd29/build/xnav-install/share/opencpn/uidata/iENC_All.svg
-- Up-to-date: /home/standard/Projects/X-nav-worktrees/scrum259-linux-6dafd29/build/xnav-install/share/opencpn/uidata/iENC_Minimum.svg
-- Up-to-date: /home/standard/Projects/X-nav-worktrees/scrum259-linux-6dafd29/build/xnav-install/share/opencpn/uidata/iENC_Standard.svg
-- Up-to-date: /home/standard/Projects/X-nav-worktrees/scrum259-linux-6dafd29/build/xnav-install/share/opencpn/uidata/iENC_UserStd.svg
-- Up-to-date: /home/standard/Projects/X-nav-worktrees/scrum259-linux-6dafd29/build/xnav-install/share/opencpn/uidata/iENC_RPlus.svg
-- Up-to-date: /home/standard/Projects/X-nav-worktrees/scrum259-linux-6dafd29/build/xnav-install/share/opencpn/uidata/iENC_RMinus.svg
-- Up-to-date: /home/standard/Projects/X-nav-worktrees/scrum259-linux-6dafd29/build/xnav-install/share/opencpn/uidata/package-x-generic.png
-- Up-to-date: /home/standard/Projects/X-nav-worktrees/scrum259-linux-6dafd29/build/xnav-install/share/opencpn/uidata/plus.svg
-- Up-to-date: /home/standard/Projects/X-nav-worktrees/scrum259-linux-6dafd29/build/xnav-install/share/opencpn/filters/all-data.filter.json
-- Up-to-date: /home/standard/Projects/X-nav-worktrees/scrum259-linux-6dafd29/build/xnav-install/share/opencpn/filters/all-nmea.filter.json
-- Up-to-date: /home/standard/Projects/X-nav-worktrees/scrum259-linux-6dafd29/build/xnav-install/share/opencpn/filters/default.filter.json
-- Up-to-date: /home/standard/Projects/X-nav-worktrees/scrum259-linux-6dafd29/build/xnav-install/share/opencpn/filters/malformed.filter.json
-- Up-to-date: /home/standard/Projects/X-nav-worktrees/scrum259-linux-6dafd29/build/xnav-install/share/opencpn/filters/nmea-input.filter.json
-- Up-to-date: /home/standard/Projects/X-nav-worktrees/scrum259-linux-6dafd29/build/xnav-install/share/opencpn/filters/nmea-output.filter.json
-- Up-to-date: /home/standard/Projects/X-nav-worktrees/scrum259-linux-6dafd29/build/xnav-install/share/opencpn/filters/plugin-msg.filter.json
-- Up-to-date: /home/standard/Projects/X-nav-worktrees/scrum259-linux-6dafd29/build/xnav-install/share/opencpn/uidata/markicons
-- Up-to-date: /home/standard/Projects/X-nav-worktrees/scrum259-linux-6dafd29/build/xnav-install/share/opencpn/uidata/markicons/1st-Active-Waypoint.svg
-- Up-to-date: /home/standard/Projects/X-nav-worktrees/scrum259-linux-6dafd29/build/xnav-install/share/opencpn/uidata/markicons/1st-Anchorage.svg
-- Up-to-date: /home/standard/Projects/X-nav-worktrees/scrum259-linux-6dafd29/build/xnav-install/share/opencpn/uidata/markicons/1st-Diamond.svg
-- Up-to-date: /home/standard/Projects/X-nav-worktrees/scrum259-linux-6dafd29/build/xnav-install/share/opencpn/uidata/markicons/1st-Man-Overboard.svg
-- Up-to-date: /home/standard/Projects/X-nav-worktrees/scrum259-linux-6dafd29/build/xnav-install/share/opencpn/uidata/markicons/1st-No-Anchoring.svg
-- Up-to-date: /home/standard/Projects/X-nav-worktrees/scrum259-linux-6dafd29/build/xnav-install/share/opencpn/uidata/markicons/Activity-Campfire.svg
-- Up-to-date: /home/standard/Projects/X-nav-worktrees/scrum259-linux-6dafd29/build/xnav-install/share/opencpn/uidata/markicons/Activity-Camping.svg
-- Up-to-date: /home/standard/Projects/X-nav-worktrees/scrum259-linux-6dafd29/build/xnav-install/share/opencpn/uidata/markicons/Activity-Diving-Scuba-Flag.svg
-- Up-to-date: /home/standard/Projects/X-nav-worktrees/scrum259-linux-6dafd29/build/xnav-install/share/opencpn/uidata/markicons/Activity-Diving-Scuba-Tank.svg
-- Up-to-date: /home/standard/Projects/X-nav-worktrees/scrum259-linux-6dafd29/build/xnav-install/share/opencpn/uidata/markicons/Activity-Diving-Snorkel.svg
-- Up-to-date: /home/standard/Projects/X-nav-worktrees/scrum259-linux-6dafd29/build/xnav-install/share/opencpn/uidata/markicons/Activity-Diving-Spearing.svg
-- Up-to-date: /home/standard/Projects/X-nav-worktrees/scrum259-linux-6dafd29/build/xnav-install/share/opencpn/uidata/markicons/Activity-Fishing.svg
-- Up-to-date: /home/standard/Projects/X-nav-worktrees/scrum259-linux-6dafd29/build/xnav-install/share/opencpn/uidata/markicons/Authority-Customs.svg
-- Up-to-date: /home/standard/Projects/X-nav-worktrees/scrum259-linux-6dafd29/build/xnav-install/share/opencpn/uidata/markicons/Authority-Health.svg
-- Up-to-date: /home/standard/Projects/X-nav-worktrees/scrum259-linux-6dafd29/build/xnav-install/share/opencpn/uidata/markicons/Authority-Immigration.svg
-- Up-to-date: /home/standard/Projects/X-nav-worktrees/scrum259-linux-6dafd29/build/xnav-install/share/opencpn/uidata/markicons/Authority-Police.svg
-- Up-to-date: /home/standard/Projects/X-nav-worktrees/scrum259-linux-6dafd29/build/xnav-install/share/opencpn/uidata/markicons/Authority-Quarantine-Area.svg
-- Up-to-date: /home/standard/Projects/X-nav-worktrees/scrum259-linux-6dafd29/build/xnav-install/share/opencpn/uidata/markicons/Authority-Quarantine-Building.svg
-- Up-to-date: /home/standard/Projects/X-nav-worktrees/scrum259-linux-6dafd29/build/xnav-install/share/opencpn/uidata/markicons/Authority-Quarantine-Flag.svg
-- Up-to-date: /home/standard/Projects/X-nav-worktrees/scrum259-linux-6dafd29/build/xnav-install/share/opencpn/uidata/markicons/DragHandle.svg
-- Up-to-date: /home/standard/Projects/X-nav-worktrees/scrum259-linux-6dafd29/build/xnav-install/share/opencpn/uidata/markicons/Hazard-Airplane.svg
-- Up-to-date: /home/standard/Projects/X-nav-worktrees/scrum259-linux-6dafd29/build/xnav-install/share/opencpn/uidata/markicons/Hazard-Animals-Crocodile.svg
-- Up-to-date: /home/standard/Projects/X-nav-worktrees/scrum259-linux-6dafd29/build/xnav-install/share/opencpn/uidata/markicons/Hazard-Animals-Jellyfish.svg
-- Up-to-date: /home/standard/Projects/X-nav-worktrees/scrum259-linux-6dafd29/build/xnav-install/share/opencpn/uidata/markicons/Hazard-Animals-Shark.svg
-- Up-to-date: /home/standard/Projects/X-nav-worktrees/scrum259-linux-6dafd29/build/xnav-install/share/opencpn/uidata/markicons/Hazard-Danger.svg
-- Up-to-date: /home/standard/Projects/X-nav-worktrees/scrum259-linux-6dafd29/build/xnav-install/share/opencpn/uidata/markicons/Hazard-Dredging.svg
-- Up-to-date: /home/standard/Projects/X-nav-worktrees/scrum259-linux-6dafd29/build/xnav-install/share/opencpn/uidata/markicons/Hazard-Fish-Aquatic-Farm.svg
-- Up-to-date: /home/standard/Projects/X-nav-worktrees/scrum259-linux-6dafd29/build/xnav-install/share/opencpn/uidata/markicons/Hazard-Fish-Lobster-String.svg
-- Up-to-date: /home/standard/Projects/X-nav-worktrees/scrum259-linux-6dafd29/build/xnav-install/share/opencpn/uidata/markicons/Hazard-Fish-Nets.svg
-- Up-to-date: /home/standard/Projects/X-nav-worktrees/scrum259-linux-6dafd29/build/xnav-install/share/opencpn/uidata/markicons/Hazard-Lighthouse.svg
-- Up-to-date: /home/standard/Projects/X-nav-worktrees/scrum259-linux-6dafd29/build/xnav-install/share/opencpn/uidata/markicons/Hazard-Obstruction-Deep.svg
-- Up-to-date: /home/standard/Projects/X-nav-worktrees/scrum259-linux-6dafd29/build/xnav-install/share/opencpn/uidata/markicons/Hazard-Obstruction-Dry.svg
-- Up-to-date: /home/standard/Projects/X-nav-worktrees/scrum259-linux-6dafd29/build/xnav-install/share/opencpn/uidata/markicons/Hazard-Obstruction-Shallow.svg
-- Up-to-date: /home/standard/Projects/X-nav-worktrees/scrum259-linux-6dafd29/build/xnav-install/share/opencpn/uidata/markicons/Hazard-Oil-Platform.svg
-- Up-to-date: /home/standard/Projects/X-nav-worktrees/scrum259-linux-6dafd29/build/xnav-install/share/opencpn/uidata/markicons/Hazard-Overfalls.svg
-- Up-to-date: /home/standard/Projects/X-nav-worktrees/scrum259-linux-6dafd29/build/xnav-install/share/opencpn/uidata/markicons/Hazard-Pollution-Air.svg
-- Up-to-date: /home/standard/Projects/X-nav-worktrees/scrum259-linux-6dafd29/build/xnav-install/share/opencpn/uidata/markicons/Hazard-Pollution-Bio.svg
-- Up-to-date: /home/standard/Projects/X-nav-worktrees/scrum259-linux-6dafd29/build/xnav-install/share/opencpn/uidata/markicons/Hazard-Pollution-Nuclear.svg
-- Up-to-date: /home/standard/Projects/X-nav-worktrees/scrum259-linux-6dafd29/build/xnav-install/share/opencpn/uidata/markicons/Hazard-Pollution-Oil.svg
-- Up-to-date: /home/standard/Projects/X-nav-worktrees/scrum259-linux-6dafd29/build/xnav-install/share/opencpn/uidata/markicons/Hazard-Pollution-Quarantine-Area.svg
-- Up-to-date: /home/standard/Projects/X-nav-worktrees/scrum259-linux-6dafd29/build/xnav-install/share/opencpn/uidata/markicons/Hazard-Power-Cable.svg
-- Up-to-date: /home/standard/Projects/X-nav-worktrees/scrum259-linux-6dafd29/build/xnav-install/share/opencpn/uidata/markicons/Hazard-Power-Line1.svg
-- Up-to-date: /home/standard/Projects/X-nav-worktrees/scrum259-linux-6dafd29/build/xnav-install/share/opencpn/uidata/markicons/Hazard-Power-Line2.svg
-- Up-to-date: /home/standard/Projects/X-nav-worktrees/scrum259-linux-6dafd29/build/xnav-install/share/opencpn/uidata/markicons/Hazard-Rock-Awash.svg
-- Up-to-date: /home/standard/Projects/X-nav-worktrees/scrum259-linux-6dafd29/build/xnav-install/share/opencpn/uidata/markicons/Hazard-Rock-Exposed.svg
-- Up-to-date: /home/standard/Projects/X-nav-worktrees/scrum259-linux-6dafd29/build/xnav-install/share/opencpn/uidata/markicons/Hazard-Sandbar.svg
-- Up-to-date: /home/standard/Projects/X-nav-worktrees/scrum259-linux-6dafd29/build/xnav-install/share/opencpn/uidata/markicons/Hazard-Snag.svg
-- Up-to-date: /home/standard/Projects/X-nav-worktrees/scrum259-linux-6dafd29/build/xnav-install/share/opencpn/uidata/markicons/Hazard-Warning.svg
-- Up-to-date: /home/standard/Projects/X-nav-worktrees/scrum259-linux-6dafd29/build/xnav-install/share/opencpn/uidata/markicons/Hazard-Wind-Farm.svg
-- Up-to-date: /home/standard/Projects/X-nav-worktrees/scrum259-linux-6dafd29/build/xnav-install/share/opencpn/uidata/markicons/Hazard-Wreck1.svg
-- Up-to-date: /home/standard/Projects/X-nav-worktrees/scrum259-linux-6dafd29/build/xnav-install/share/opencpn/uidata/markicons/Hazard-Wreck2.svg
-- Up-to-date: /home/standard/Projects/X-nav-worktrees/scrum259-linux-6dafd29/build/xnav-install/share/opencpn/uidata/markicons/Info-Fish-Haven.svg
-- Up-to-date: /home/standard/Projects/X-nav-worktrees/scrum259-linux-6dafd29/build/xnav-install/share/opencpn/uidata/markicons/Info-Fish-Pelagic.svg
-- Up-to-date: /home/standard/Projects/X-nav-worktrees/scrum259-linux-6dafd29/build/xnav-install/share/opencpn/uidata/markicons/Info-Fish-Reef.svg
-- Up-to-date: /home/standard/Projects/X-nav-worktrees/scrum259-linux-6dafd29/build/xnav-install/share/opencpn/uidata/markicons/Info-Fish-Shark.svg
-- Up-to-date: /home/standard/Projects/X-nav-worktrees/scrum259-linux-6dafd29/build/xnav-install/share/opencpn/uidata/markicons/Info-Fish-Whale.svg
-- Up-to-date: /home/standard/Projects/X-nav-worktrees/scrum259-linux-6dafd29/build/xnav-install/share/opencpn/uidata/markicons/Info-Fish.svg
-- Up-to-date: /home/standard/Projects/X-nav-worktrees/scrum259-linux-6dafd29/build/xnav-install/share/opencpn/uidata/markicons/Info-Info.svg
-- Up-to-date: /home/standard/Projects/X-nav-worktrees/scrum259-linux-6dafd29/build/xnav-install/share/opencpn/uidata/markicons/Info-No-Discharge.svg
-- Up-to-date: /home/standard/Projects/X-nav-worktrees/scrum259-linux-6dafd29/build/xnav-install/share/opencpn/uidata/markicons/Info-Photo.svg
-- Up-to-date: /home/standard/Projects/X-nav-worktrees/scrum259-linux-6dafd29/build/xnav-install/share/opencpn/uidata/markicons/Info-Video.svg
-- Up-to-date: /home/standard/Projects/X-nav-worktrees/scrum259-linux-6dafd29/build/xnav-install/share/opencpn/uidata/markicons/Landmarks-Bridge1.svg
-- Up-to-date: /home/standard/Projects/X-nav-worktrees/scrum259-linux-6dafd29/build/xnav-install/share/opencpn/uidata/markicons/Landmarks-Bridge2.svg
-- Up-to-date: /home/standard/Projects/X-nav-worktrees/scrum259-linux-6dafd29/build/xnav-install/share/opencpn/uidata/markicons/Landmarks-Bridge3.svg
-- Up-to-date: /home/standard/Projects/X-nav-worktrees/scrum259-linux-6dafd29/build/xnav-install/share/opencpn/uidata/markicons/Landmarks-Pier1.svg
-- Up-to-date: /home/standard/Projects/X-nav-worktrees/scrum259-linux-6dafd29/build/xnav-install/share/opencpn/uidata/markicons/Landmarks-Pier2.svg
-- Up-to-date: /home/standard/Projects/X-nav-worktrees/scrum259-linux-6dafd29/build/xnav-install/share/opencpn/uidata/markicons/Landmarks-Pier3.svg
-- Up-to-date: /home/standard/Projects/X-nav-worktrees/scrum259-linux-6dafd29/build/xnav-install/share/opencpn/uidata/markicons/Landmarks-Stream-River.svg
-- Up-to-date: /home/standard/Projects/X-nav-worktrees/scrum259-linux-6dafd29/build/xnav-install/share/opencpn/uidata/markicons/Landmarks-Waterfall.svg
-- Up-to-date: /home/standard/Projects/X-nav-worktrees/scrum259-linux-6dafd29/build/xnav-install/share/opencpn/uidata/markicons/Marks-Active-Waypoint.svg
-- Up-to-date: /home/standard/Projects/X-nav-worktrees/scrum259-linux-6dafd29/build/xnav-install/share/opencpn/uidata/markicons/Marks-Beacon-Danger.svg
-- Up-to-date: /home/standard/Projects/X-nav-worktrees/scrum259-linux-6dafd29/build/xnav-install/share/opencpn/uidata/markicons/Marks-Beacon-SafeWater.svg
-- Up-to-date: /home/standard/Projects/X-nav-worktrees/scrum259-linux-6dafd29/build/xnav-install/share/opencpn/uidata/markicons/Marks-Blank.svg
-- Up-to-date: /home/standard/Projects/X-nav-worktrees/scrum259-linux-6dafd29/build/xnav-install/share/opencpn/uidata/markicons/Marks-Boarding-Location.svg
-- Up-to-date: /home/standard/Projects/X-nav-worktrees/scrum259-linux-6dafd29/build/xnav-install/share/opencpn/uidata/markicons/Marks-Boundary.svg
-- Up-to-date: /home/standard/Projects/X-nav-worktrees/scrum259-linux-6dafd29/build/xnav-install/share/opencpn/uidata/markicons/Marks-Buoy-Danger.svg
-- Up-to-date: /home/standard/Projects/X-nav-worktrees/scrum259-linux-6dafd29/build/xnav-install/share/opencpn/uidata/markicons/Marks-Buoy-Safe-Water.svg
-- Up-to-date: /home/standard/Projects/X-nav-worktrees/scrum259-linux-6dafd29/build/xnav-install/share/opencpn/uidata/markicons/Marks-Buoy-TypeA.svg
-- Up-to-date: /home/standard/Projects/X-nav-worktrees/scrum259-linux-6dafd29/build/xnav-install/share/opencpn/uidata/markicons/Marks-Buoy-TypeB.svg
-- Up-to-date: /home/standard/Projects/X-nav-worktrees/scrum259-linux-6dafd29/build/xnav-install/share/opencpn/uidata/markicons/Marks-Cardinal-East-Lighted.svg
-- Up-to-date: /home/standard/Projects/X-nav-worktrees/scrum259-linux-6dafd29/build/xnav-install/share/opencpn/uidata/markicons/Marks-Cardinal-East.svg
-- Up-to-date: /home/standard/Projects/X-nav-worktrees/scrum259-linux-6dafd29/build/xnav-install/share/opencpn/uidata/markicons/Marks-Cardinal-Nord-Lighted.svg
-- Up-to-date: /home/standard/Projects/X-nav-worktrees/scrum259-linux-6dafd29/build/xnav-install/share/opencpn/uidata/markicons/Marks-Cardinal-Nord.svg
-- Up-to-date: /home/standard/Projects/X-nav-worktrees/scrum259-linux-6dafd29/build/xnav-install/share/opencpn/uidata/markicons/Marks-Cardinal-North-Lighted.svg
-- Up-to-date: /home/standard/Projects/X-nav-worktrees/scrum259-linux-6dafd29/build/xnav-install/share/opencpn/uidata/markicons/Marks-Cardinal-North.svg
-- Up-to-date: /home/standard/Projects/X-nav-worktrees/scrum259-linux-6dafd29/build/xnav-install/share/opencpn/uidata/markicons/Marks-Cardinal-South-Lighted.svg
-- Up-to-date: /home/standard/Projects/X-nav-worktrees/scrum259-linux-6dafd29/build/xnav-install/share/opencpn/uidata/markicons/Marks-Cardinal-South.svg
-- Up-to-date: /home/standard/Projects/X-nav-worktrees/scrum259-linux-6dafd29/build/xnav-install/share/opencpn/uidata/markicons/Marks-Cardinal-West-Lighted.svg
-- Up-to-date: /home/standard/Projects/X-nav-worktrees/scrum259-linux-6dafd29/build/xnav-install/share/opencpn/uidata/markicons/Marks-Cardinal-West.svg
-- Up-to-date: /home/standard/Projects/X-nav-worktrees/scrum259-linux-6dafd29/build/xnav-install/share/opencpn/uidata/markicons/Marks-Caution-Lighted.svg
-- Up-to-date: /home/standard/Projects/X-nav-worktrees/scrum259-linux-6dafd29/build/xnav-install/share/opencpn/uidata/markicons/Marks-Caution.svg
-- Up-to-date: /home/standard/Projects/X-nav-worktrees/scrum259-linux-6dafd29/build/xnav-install/share/opencpn/uidata/markicons/Marks-Danger-Topmark-Lighted.svg
-- Up-to-date: /home/standard/Projects/X-nav-worktrees/scrum259-linux-6dafd29/build/xnav-install/share/opencpn/uidata/markicons/Marks-Danger-Topmark.svg
-- Up-to-date: /home/standard/Projects/X-nav-worktrees/scrum259-linux-6dafd29/build/xnav-install/share/opencpn/uidata/markicons/Marks-Lateral-Port-IALA-A-Lighted.svg
-- Up-to-date: /home/standard/Projects/X-nav-worktrees/scrum259-linux-6dafd29/build/xnav-install/share/opencpn/uidata/markicons/Marks-Lateral-Port-IALA-A.svg
-- Up-to-date: /home/standard/Projects/X-nav-worktrees/scrum259-linux-6dafd29/build/xnav-install/share/opencpn/uidata/markicons/Marks-Lateral-Port-IALA-B-Lighted.svg
-- Up-to-date: /home/standard/Projects/X-nav-worktrees/scrum259-linux-6dafd29/build/xnav-install/share/opencpn/uidata/markicons/Marks-Lateral-Port-IALA-B.svg
-- Up-to-date: /home/standard/Projects/X-nav-worktrees/scrum259-linux-6dafd29/build/xnav-install/share/opencpn/uidata/markicons/Marks-Lateral-Starboard-IALA-A-Lighted.svg
-- Up-to-date: /home/standard/Projects/X-nav-worktrees/scrum259-linux-6dafd29/build/xnav-install/share/opencpn/uidata/markicons/Marks-Lateral-Starboard-IALA-A.svg
-- Up-to-date: /home/standard/Projects/X-nav-worktrees/scrum259-linux-6dafd29/build/xnav-install/share/opencpn/uidata/markicons/Marks-Lateral-Starboard-IALA-B-Lighted.svg
-- Up-to-date: /home/standard/Projects/X-nav-worktrees/scrum259-linux-6dafd29/build/xnav-install/share/opencpn/uidata/markicons/Marks-Lateral-Starboard-IALA-B.svg
-- Up-to-date: /home/standard/Projects/X-nav-worktrees/scrum259-linux-6dafd29/build/xnav-install/share/opencpn/uidata/markicons/Marks-Light-Green.svg
-- Up-to-date: /home/standard/Projects/X-nav-worktrees/scrum259-linux-6dafd29/build/xnav-install/share/opencpn/uidata/markicons/Marks-Light-Red-Green.svg
-- Up-to-date: /home/standard/Projects/X-nav-worktrees/scrum259-linux-6dafd29/build/xnav-install/share/opencpn/uidata/markicons/Marks-Light-Red.svg
-- Up-to-date: /home/standard/Projects/X-nav-worktrees/scrum259-linux-6dafd29/build/xnav-install/share/opencpn/uidata/markicons/Marks-Light-TypeA.svg
-- Up-to-date: /home/standard/Projects/X-nav-worktrees/scrum259-linux-6dafd29/build/xnav-install/share/opencpn/uidata/markicons/Marks-Light-TypeB.svg
-- Up-to-date: /home/standard/Projects/X-nav-worktrees/scrum259-linux-6dafd29/build/xnav-install/share/opencpn/uidata/markicons/Marks-Light-Vessel.svg
-- Up-to-date: /home/standard/Projects/X-nav-worktrees/scrum259-linux-6dafd29/build/xnav-install/share/opencpn/uidata/markicons/Marks-Mooring-Buoy-Super.svg
-- Up-to-date: /home/standard/Projects/X-nav-worktrees/scrum259-linux-6dafd29/build/xnav-install/share/opencpn/uidata/markicons/Marks-Mooring-Buoy.svg
-- Up-to-date: /home/standard/Projects/X-nav-worktrees/scrum259-linux-6dafd29/build/xnav-install/share/opencpn/uidata/markicons/Marks-Mooring-Float.svg
-- Up-to-date: /home/standard/Projects/X-nav-worktrees/scrum259-linux-6dafd29/build/xnav-install/share/opencpn/uidata/markicons/Marks-Mooring-Pile.svg
-- Up-to-date: /home/standard/Projects/X-nav-worktrees/scrum259-linux-6dafd29/build/xnav-install/share/opencpn/uidata/markicons/Marks-New-Danger-Lighted.svg
-- Up-to-date: /home/standard/Projects/X-nav-worktrees/scrum259-linux-6dafd29/build/xnav-install/share/opencpn/uidata/markicons/Marks-New-Danger.svg
-- Up-to-date: /home/standard/Projects/X-nav-worktrees/scrum259-linux-6dafd29/build/xnav-install/share/opencpn/uidata/markicons/Marks-Race-Committee-Start-Boat.svg
-- Up-to-date: /home/standard/Projects/X-nav-worktrees/scrum259-linux-6dafd29/build/xnav-install/share/opencpn/uidata/markicons/Marks-Race-Finish.svg
-- Up-to-date: /home/standard/Projects/X-nav-worktrees/scrum259-linux-6dafd29/build/xnav-install/share/opencpn/uidata/markicons/Marks-Race-Start.svg
-- Up-to-date: /home/standard/Projects/X-nav-worktrees/scrum259-linux-6dafd29/build/xnav-install/share/opencpn/uidata/markicons/Marks-Race-Tetrahedron-Mark1.svg
-- Up-to-date: /home/standard/Projects/X-nav-worktrees/scrum259-linux-6dafd29/build/xnav-install/share/opencpn/uidata/markicons/Marks-Race-Tetrahedron-Mark2.svg
-- Up-to-date: /home/standard/Projects/X-nav-worktrees/scrum259-linux-6dafd29/build/xnav-install/share/opencpn/uidata/markicons/Marks-Race-Tetrahedron-Mark3.svg
-- Up-to-date: /home/standard/Projects/X-nav-worktrees/scrum259-linux-6dafd29/build/xnav-install/share/opencpn/uidata/markicons/Marks-Race-Tetrahedron-Mark4.svg
-- Up-to-date: /home/standard/Projects/X-nav-worktrees/scrum259-linux-6dafd29/build/xnav-install/share/opencpn/uidata/markicons/Marks-Race-Tetrahedron-Mark5.svg
-- Up-to-date: /home/standard/Projects/X-nav-worktrees/scrum259-linux-6dafd29/build/xnav-install/share/opencpn/uidata/markicons/Marks-Safe-Water-Lighted.svg
-- Up-to-date: /home/standard/Projects/X-nav-worktrees/scrum259-linux-6dafd29/build/xnav-install/share/opencpn/uidata/markicons/Marks-Safe-Water.svg
-- Up-to-date: /home/standard/Projects/X-nav-worktrees/scrum259-linux-6dafd29/build/xnav-install/share/opencpn/uidata/markicons/Sea-Current-Eastbound.svg
-- Up-to-date: /home/standard/Projects/X-nav-worktrees/scrum259-linux-6dafd29/build/xnav-install/share/opencpn/uidata/markicons/Sea-Current-N-Eastbound.svg
-- Up-to-date: /home/standard/Projects/X-nav-worktrees/scrum259-linux-6dafd29/build/xnav-install/share/opencpn/uidata/markicons/Sea-Current-N-Westbound.svg
-- Up-to-date: /home/standard/Projects/X-nav-worktrees/scrum259-linux-6dafd29/build/xnav-install/share/opencpn/uidata/markicons/Sea-Current-Northbound.svg
-- Up-to-date: /home/standard/Projects/X-nav-worktrees/scrum259-linux-6dafd29/build/xnav-install/share/opencpn/uidata/markicons/Sea-Current-S-Eastbound.svg
-- Up-to-date: /home/standard/Projects/X-nav-worktrees/scrum259-linux-6dafd29/build/xnav-install/share/opencpn/uidata/markicons/Sea-Current-S-Westbound.svg
-- Up-to-date: /home/standard/Projects/X-nav-worktrees/scrum259-linux-6dafd29/build/xnav-install/share/opencpn/uidata/markicons/Sea-Current-Southbound.svg
-- Up-to-date: /home/standard/Projects/X-nav-worktrees/scrum259-linux-6dafd29/build/xnav-install/share/opencpn/uidata/markicons/Sea-Current-Westbound.svg
-- Up-to-date: /home/standard/Projects/X-nav-worktrees/scrum259-linux-6dafd29/build/xnav-install/share/opencpn/uidata/markicons/Sea-DepthA-Black.svg
-- Up-to-date: /home/standard/Projects/X-nav-worktrees/scrum259-linux-6dafd29/build/xnav-install/share/opencpn/uidata/markicons/Sea-DepthA-Blue.svg
-- Up-to-date: /home/standard/Projects/X-nav-worktrees/scrum259-linux-6dafd29/build/xnav-install/share/opencpn/uidata/markicons/Sea-DepthA-Green.svg
-- Up-to-date: /home/standard/Projects/X-nav-worktrees/scrum259-linux-6dafd29/build/xnav-install/share/opencpn/uidata/markicons/Sea-DepthA-Magenta.svg
-- Up-to-date: /home/standard/Projects/X-nav-worktrees/scrum259-linux-6dafd29/build/xnav-install/share/opencpn/uidata/markicons/Sea-DepthA-Orange.svg
-- Up-to-date: /home/standard/Projects/X-nav-worktrees/scrum259-linux-6dafd29/build/xnav-install/share/opencpn/uidata/markicons/Sea-DepthA-Red.svg
-- Up-to-date: /home/standard/Projects/X-nav-worktrees/scrum259-linux-6dafd29/build/xnav-install/share/opencpn/uidata/markicons/Sea-DepthA-White.svg
-- Up-to-date: /home/standard/Projects/X-nav-worktrees/scrum259-linux-6dafd29/build/xnav-install/share/opencpn/uidata/markicons/Sea-DepthA-Yellow.svg
-- Up-to-date: /home/standard/Projects/X-nav-worktrees/scrum259-linux-6dafd29/build/xnav-install/share/opencpn/uidata/markicons/Sea-DepthB-Black.svg
-- Up-to-date: /home/standard/Projects/X-nav-worktrees/scrum259-linux-6dafd29/build/xnav-install/share/opencpn/uidata/markicons/Sea-DepthB-Blue.svg
-- Up-to-date: /home/standard/Projects/X-nav-worktrees/scrum259-linux-6dafd29/build/xnav-install/share/opencpn/uidata/markicons/Sea-DepthB-Green.svg
-- Up-to-date: /home/standard/Projects/X-nav-worktrees/scrum259-linux-6dafd29/build/xnav-install/share/opencpn/uidata/markicons/Sea-DepthB-Magenta.svg
-- Up-to-date: /home/standard/Projects/X-nav-worktrees/scrum259-linux-6dafd29/build/xnav-install/share/opencpn/uidata/markicons/Sea-DepthB-Orange.svg
-- Up-to-date: /home/standard/Projects/X-nav-worktrees/scrum259-linux-6dafd29/build/xnav-install/share/opencpn/uidata/markicons/Sea-DepthB-Red.svg
-- Up-to-date: /home/standard/Projects/X-nav-worktrees/scrum259-linux-6dafd29/build/xnav-install/share/opencpn/uidata/markicons/Sea-DepthB-White.svg
-- Up-to-date: /home/standard/Projects/X-nav-worktrees/scrum259-linux-6dafd29/build/xnav-install/share/opencpn/uidata/markicons/Sea-DepthB-Yellow.svg
-- Up-to-date: /home/standard/Projects/X-nav-worktrees/scrum259-linux-6dafd29/build/xnav-install/share/opencpn/uidata/markicons/Sea-Eddies-Black.svg
-- Up-to-date: /home/standard/Projects/X-nav-worktrees/scrum259-linux-6dafd29/build/xnav-install/share/opencpn/uidata/markicons/Sea-Eddies-Blue.svg
-- Up-to-date: /home/standard/Projects/X-nav-worktrees/scrum259-linux-6dafd29/build/xnav-install/share/opencpn/uidata/markicons/Sea-Eddies-Green.svg
-- Up-to-date: /home/standard/Projects/X-nav-worktrees/scrum259-linux-6dafd29/build/xnav-install/share/opencpn/uidata/markicons/Sea-Eddies-Magenta.svg
-- Up-to-date: /home/standard/Projects/X-nav-worktrees/scrum259-linux-6dafd29/build/xnav-install/share/opencpn/uidata/markicons/Sea-Eddies-Orange.svg
-- Up-to-date: /home/standard/Projects/X-nav-worktrees/scrum259-linux-6dafd29/build/xnav-install/share/opencpn/uidata/markicons/Sea-Eddies-Red.svg
-- Up-to-date: /home/standard/Projects/X-nav-worktrees/scrum259-linux-6dafd29/build/xnav-install/share/opencpn/uidata/markicons/Sea-Eddies-White.svg
-- Up-to-date: /home/standard/Projects/X-nav-worktrees/scrum259-linux-6dafd29/build/xnav-install/share/opencpn/uidata/markicons/Sea-Eddies-Yellow.svg
-- Up-to-date: /home/standard/Projects/X-nav-worktrees/scrum259-linux-6dafd29/build/xnav-install/share/opencpn/uidata/markicons/Sea-Floor-Coral.svg
-- Up-to-date: /home/standard/Projects/X-nav-worktrees/scrum259-linux-6dafd29/build/xnav-install/share/opencpn/uidata/markicons/Sea-Floor-Sea-Weed.svg
-- Up-to-date: /home/standard/Projects/X-nav-worktrees/scrum259-linux-6dafd29/build/xnav-install/share/opencpn/uidata/markicons/Sea-Floor-Text-Clay.svg
-- Up-to-date: /home/standard/Projects/X-nav-worktrees/scrum259-linux-6dafd29/build/xnav-install/share/opencpn/uidata/markicons/Sea-Floor-Text-Coral.svg
-- Up-to-date: /home/standard/Projects/X-nav-worktrees/scrum259-linux-6dafd29/build/xnav-install/share/opencpn/uidata/markicons/Sea-Floor-Text-Grass.svg
-- Up-to-date: /home/standard/Projects/X-nav-worktrees/scrum259-linux-6dafd29/build/xnav-install/share/opencpn/uidata/markicons/Sea-Floor-Text-Mud.svg
-- Up-to-date: /home/standard/Projects/X-nav-worktrees/scrum259-linux-6dafd29/build/xnav-install/share/opencpn/uidata/markicons/Sea-Floor-Text-Rock.svg
-- Up-to-date: /home/standard/Projects/X-nav-worktrees/scrum259-linux-6dafd29/build/xnav-install/share/opencpn/uidata/markicons/Sea-Floor-Text-Sand.svg
-- Up-to-date: /home/standard/Projects/X-nav-worktrees/scrum259-linux-6dafd29/build/xnav-install/share/opencpn/uidata/markicons/Sea-Height-Black.svg
-- Up-to-date: /home/standard/Projects/X-nav-worktrees/scrum259-linux-6dafd29/build/xnav-install/share/opencpn/uidata/markicons/Sea-Height-Blue.svg
-- Up-to-date: /home/standard/Projects/X-nav-worktrees/scrum259-linux-6dafd29/build/xnav-install/share/opencpn/uidata/markicons/Sea-Height-Green.svg
-- Up-to-date: /home/standard/Projects/X-nav-worktrees/scrum259-linux-6dafd29/build/xnav-install/share/opencpn/uidata/markicons/Sea-Height-Magenta.svg
-- Up-to-date: /home/standard/Projects/X-nav-worktrees/scrum259-linux-6dafd29/build/xnav-install/share/opencpn/uidata/markicons/Sea-Height-Orange.svg
-- Up-to-date: /home/standard/Projects/X-nav-worktrees/scrum259-linux-6dafd29/build/xnav-install/share/opencpn/uidata/markicons/Sea-Height-Red.svg
-- Up-to-date: /home/standard/Projects/X-nav-worktrees/scrum259-linux-6dafd29/build/xnav-install/share/opencpn/uidata/markicons/Sea-Height-White.svg
-- Up-to-date: /home/standard/Projects/X-nav-worktrees/scrum259-linux-6dafd29/build/xnav-install/share/opencpn/uidata/markicons/Sea-Height-Yellow.svg
-- Up-to-date: /home/standard/Projects/X-nav-worktrees/scrum259-linux-6dafd29/build/xnav-install/share/opencpn/uidata/markicons/Service-Chandlery.svg
-- Up-to-date: /home/standard/Projects/X-nav-worktrees/scrum259-linux-6dafd29/build/xnav-install/share/opencpn/uidata/markicons/Service-Dock-Dinghy.svg
-- Up-to-date: /home/standard/Projects/X-nav-worktrees/scrum259-linux-6dafd29/build/xnav-install/share/opencpn/uidata/markicons/Service-Dock.svg
-- Up-to-date: /home/standard/Projects/X-nav-worktrees/scrum259-linux-6dafd29/build/xnav-install/share/opencpn/uidata/markicons/Service-Food.svg
-- Up-to-date: /home/standard/Projects/X-nav-worktrees/scrum259-linux-6dafd29/build/xnav-install/share/opencpn/uidata/markicons/Service-Fuel-Jerry-Diesel.svg
-- Up-to-date: /home/standard/Projects/X-nav-worktrees/scrum259-linux-6dafd29/build/xnav-install/share/opencpn/uidata/markicons/Service-Fuel-Jerry-Petrol.svg
-- Up-to-date: /home/standard/Projects/X-nav-worktrees/scrum259-linux-6dafd29/build/xnav-install/share/opencpn/uidata/markicons/Service-Fuel-Jerry.svg
-- Up-to-date: /home/standard/Projects/X-nav-worktrees/scrum259-linux-6dafd29/build/xnav-install/share/opencpn/uidata/markicons/Service-Fuel-LPG.svg
-- Up-to-date: /home/standard/Projects/X-nav-worktrees/scrum259-linux-6dafd29/build/xnav-install/share/opencpn/uidata/markicons/Service-Fuel-Pump-Diesel-Petrol.svg
-- Up-to-date: /home/standard/Projects/X-nav-worktrees/scrum259-linux-6dafd29/build/xnav-install/share/opencpn/uidata/markicons/Service-Fuel-Pump-Diesel.svg
-- Up-to-date: /home/standard/Projects/X-nav-worktrees/scrum259-linux-6dafd29/build/xnav-install/share/opencpn/uidata/markicons/Service-Fuel-Pump-Petrol.svg
-- Up-to-date: /home/standard/Projects/X-nav-worktrees/scrum259-linux-6dafd29/build/xnav-install/share/opencpn/uidata/markicons/Service-Grocery1.svg
-- Up-to-date: /home/standard/Projects/X-nav-worktrees/scrum259-linux-6dafd29/build/xnav-install/share/opencpn/uidata/markicons/Service-Grocery2.svg
-- Up-to-date: /home/standard/Projects/X-nav-worktrees/scrum259-linux-6dafd29/build/xnav-install/share/opencpn/uidata/markicons/Service-Haulout.svg
-- Up-to-date: /home/standard/Projects/X-nav-worktrees/scrum259-linux-6dafd29/build/xnav-install/share/opencpn/uidata/markicons/Service-Ice1.svg
-- Up-to-date: /home/standard/Projects/X-nav-worktrees/scrum259-linux-6dafd29/build/xnav-install/share/opencpn/uidata/markicons/Service-Ice2.svg
-- Up-to-date: /home/standard/Projects/X-nav-worktrees/scrum259-linux-6dafd29/build/xnav-install/share/opencpn/uidata/markicons/Service-Ice3.svg
-- Up-to-date: /home/standard/Projects/X-nav-worktrees/scrum259-linux-6dafd29/build/xnav-install/share/opencpn/uidata/markicons/Service-Internet-Cafe.svg
-- Up-to-date: /home/standard/Projects/X-nav-worktrees/scrum259-linux-6dafd29/build/xnav-install/share/opencpn/uidata/markicons/Service-Internet-WiFi.svg
-- Up-to-date: /home/standard/Projects/X-nav-worktrees/scrum259-linux-6dafd29/build/xnav-install/share/opencpn/uidata/markicons/Service-Laundry.svg
-- Up-to-date: /home/standard/Projects/X-nav-worktrees/scrum259-linux-6dafd29/build/xnav-install/share/opencpn/uidata/markicons/Service-Marina.svg
-- Up-to-date: /home/standard/Projects/X-nav-worktrees/scrum259-linux-6dafd29/build/xnav-install/share/opencpn/uidata/markicons/Service-Public-Landing.svg
-- Up-to-date: /home/standard/Projects/X-nav-worktrees/scrum259-linux-6dafd29/build/xnav-install/share/opencpn/uidata/markicons/Service-Pump-Out-Boat.svg
-- Up-to-date: /home/standard/Projects/X-nav-worktrees/scrum259-linux-6dafd29/build/xnav-install/share/opencpn/uidata/markicons/Service-Pump-Out-Facility.svg
-- Up-to-date: /home/standard/Projects/X-nav-worktrees/scrum259-linux-6dafd29/build/xnav-install/share/opencpn/uidata/markicons/Service-Repairs.svg
-- Up-to-date: /home/standard/Projects/X-nav-worktrees/scrum259-linux-6dafd29/build/xnav-install/share/opencpn/uidata/markicons/Service-Water1.svg
-- Up-to-date: /home/standard/Projects/X-nav-worktrees/scrum259-linux-6dafd29/build/xnav-install/share/opencpn/uidata/markicons/Service-Water2.svg
-- Up-to-date: /home/standard/Projects/X-nav-worktrees/scrum259-linux-6dafd29/build/xnav-install/share/opencpn/uidata/markicons/Service-Wine&Dine.svg
-- Up-to-date: /home/standard/Projects/X-nav-worktrees/scrum259-linux-6dafd29/build/xnav-install/share/opencpn/uidata/markicons/Service-Yacht-Club.svg
-- Up-to-date: /home/standard/Projects/X-nav-worktrees/scrum259-linux-6dafd29/build/xnav-install/share/opencpn/uidata/markicons/Symbol-Anchor1.svg
-- Up-to-date: /home/standard/Projects/X-nav-worktrees/scrum259-linux-6dafd29/build/xnav-install/share/opencpn/uidata/markicons/Symbol-Anchor2.svg
-- Up-to-date: /home/standard/Projects/X-nav-worktrees/scrum259-linux-6dafd29/build/xnav-install/share/opencpn/uidata/markicons/Symbol-Anchor3.svg
-- Up-to-date: /home/standard/Projects/X-nav-worktrees/scrum259-linux-6dafd29/build/xnav-install/share/opencpn/uidata/markicons/Symbol-Arrow-Black.svg
-- Up-to-date: /home/standard/Projects/X-nav-worktrees/scrum259-linux-6dafd29/build/xnav-install/share/opencpn/uidata/markicons/Symbol-Arrow-Blue.svg
-- Up-to-date: /home/standard/Projects/X-nav-worktrees/scrum259-linux-6dafd29/build/xnav-install/share/opencpn/uidata/markicons/Symbol-Arrow-Green.svg
-- Up-to-date: /home/standard/Projects/X-nav-worktrees/scrum259-linux-6dafd29/build/xnav-install/share/opencpn/uidata/markicons/Symbol-Arrow-Magenta.svg
-- Up-to-date: /home/standard/Projects/X-nav-worktrees/scrum259-linux-6dafd29/build/xnav-install/share/opencpn/uidata/markicons/Symbol-Arrow-Orange.svg
-- Up-to-date: /home/standard/Projects/X-nav-worktrees/scrum259-linux-6dafd29/build/xnav-install/share/opencpn/uidata/markicons/Symbol-Arrow-Red.svg
-- Up-to-date: /home/standard/Projects/X-nav-worktrees/scrum259-linux-6dafd29/build/xnav-install/share/opencpn/uidata/markicons/Symbol-Arrow-White.svg
-- Up-to-date: /home/standard/Projects/X-nav-worktrees/scrum259-linux-6dafd29/build/xnav-install/share/opencpn/uidata/markicons/Symbol-Arrow-Yellow.svg
-- Up-to-date: /home/standard/Projects/X-nav-worktrees/scrum259-linux-6dafd29/build/xnav-install/share/opencpn/uidata/markicons/Symbol-Circle-Black.svg
-- Up-to-date: /home/standard/Projects/X-nav-worktrees/scrum259-linux-6dafd29/build/xnav-install/share/opencpn/uidata/markicons/Symbol-Circle-Blue.svg
-- Up-to-date: /home/standard/Projects/X-nav-worktrees/scrum259-linux-6dafd29/build/xnav-install/share/opencpn/uidata/markicons/Symbol-Circle-Green.svg
-- Up-to-date: /home/standard/Projects/X-nav-worktrees/scrum259-linux-6dafd29/build/xnav-install/share/opencpn/uidata/markicons/Symbol-Circle-Magenta.svg
-- Up-to-date: /home/standard/Projects/X-nav-worktrees/scrum259-linux-6dafd29/build/xnav-install/share/opencpn/uidata/markicons/Symbol-Circle-Orange.svg
-- Up-to-date: /home/standard/Projects/X-nav-worktrees/scrum259-linux-6dafd29/build/xnav-install/share/opencpn/uidata/markicons/Symbol-Circle-Red.svg
-- Up-to-date: /home/standard/Projects/X-nav-worktrees/scrum259-linux-6dafd29/build/xnav-install/share/opencpn/uidata/markicons/Symbol-Circle-White.svg
-- Up-to-date: /home/standard/Projects/X-nav-worktrees/scrum259-linux-6dafd29/build/xnav-install/share/opencpn/uidata/markicons/Symbol-Circle-Yellow.svg
-- Up-to-date: /home/standard/Projects/X-nav-worktrees/scrum259-linux-6dafd29/build/xnav-install/share/opencpn/uidata/markicons/Symbol-Circle.svg
-- Up-to-date: /home/standard/Projects/X-nav-worktrees/scrum259-linux-6dafd29/build/xnav-install/share/opencpn/uidata/markicons/Symbol-Diamond-Black.svg
-- Up-to-date: /home/standard/Projects/X-nav-worktrees/scrum259-linux-6dafd29/build/xnav-install/share/opencpn/uidata/markicons/Symbol-Diamond-Blue.svg
-- Up-to-date: /home/standard/Projects/X-nav-worktrees/scrum259-linux-6dafd29/build/xnav-install/share/opencpn/uidata/markicons/Symbol-Diamond-Green.svg
-- Up-to-date: /home/standard/Projects/X-nav-worktrees/scrum259-linux-6dafd29/build/xnav-install/share/opencpn/uidata/markicons/Symbol-Diamond-Magenta.svg
-- Up-to-date: /home/standard/Projects/X-nav-worktrees/scrum259-linux-6dafd29/build/xnav-install/share/opencpn/uidata/markicons/Symbol-Diamond-Orange.svg
-- Up-to-date: /home/standard/Projects/X-nav-worktrees/scrum259-linux-6dafd29/build/xnav-install/share/opencpn/uidata/markicons/Symbol-Diamond-Red.svg
-- Up-to-date: /home/standard/Projects/X-nav-worktrees/scrum259-linux-6dafd29/build/xnav-install/share/opencpn/uidata/markicons/Symbol-Diamond-White.svg
-- Up-to-date: /home/standard/Projects/X-nav-worktrees/scrum259-linux-6dafd29/build/xnav-install/share/opencpn/uidata/markicons/Symbol-Diamond-Yellow.svg
-- Up-to-date: /home/standard/Projects/X-nav-worktrees/scrum259-linux-6dafd29/build/xnav-install/share/opencpn/uidata/markicons/Symbol-Empty.svg
-- Up-to-date: /home/standard/Projects/X-nav-worktrees/scrum259-linux-6dafd29/build/xnav-install/share/opencpn/uidata/markicons/Symbol-Exclamation-Black.svg
-- Up-to-date: /home/standard/Projects/X-nav-worktrees/scrum259-linux-6dafd29/build/xnav-install/share/opencpn/uidata/markicons/Symbol-Exclamation-Blue.svg
-- Up-to-date: /home/standard/Projects/X-nav-worktrees/scrum259-linux-6dafd29/build/xnav-install/share/opencpn/uidata/markicons/Symbol-Exclamation-Green.svg
-- Up-to-date: /home/standard/Projects/X-nav-worktrees/scrum259-linux-6dafd29/build/xnav-install/share/opencpn/uidata/markicons/Symbol-Exclamation-Magenta.svg
-- Up-to-date: /home/standard/Projects/X-nav-worktrees/scrum259-linux-6dafd29/build/xnav-install/share/opencpn/uidata/markicons/Symbol-Exclamation-Orange.svg
-- Up-to-date: /home/standard/Projects/X-nav-worktrees/scrum259-linux-6dafd29/build/xnav-install/share/opencpn/uidata/markicons/Symbol-Exclamation-Red.svg
-- Up-to-date: /home/standard/Projects/X-nav-worktrees/scrum259-linux-6dafd29/build/xnav-install/share/opencpn/uidata/markicons/Symbol-Exclamation-White.svg
-- Up-to-date: /home/standard/Projects/X-nav-worktrees/scrum259-linux-6dafd29/build/xnav-install/share/opencpn/uidata/markicons/Symbol-Exclamation-Yellow.svg
-- Up-to-date: /home/standard/Projects/X-nav-worktrees/scrum259-linux-6dafd29/build/xnav-install/share/opencpn/uidata/markicons/Symbol-Glow-LargeBlack.svg
-- Up-to-date: /home/standard/Projects/X-nav-worktrees/scrum259-linux-6dafd29/build/xnav-install/share/opencpn/uidata/markicons/Symbol-Glow-LargeBlue.svg
-- Up-to-date: /home/standard/Projects/X-nav-worktrees/scrum259-linux-6dafd29/build/xnav-install/share/opencpn/uidata/markicons/Symbol-Glow-LargeGreen.svg
-- Up-to-date: /home/standard/Projects/X-nav-worktrees/scrum259-linux-6dafd29/build/xnav-install/share/opencpn/uidata/markicons/Symbol-Glow-LargeMagenta.svg
-- Up-to-date: /home/standard/Projects/X-nav-worktrees/scrum259-linux-6dafd29/build/xnav-install/share/opencpn/uidata/markicons/Symbol-Glow-LargeOrange.svg
-- Up-to-date: /home/standard/Projects/X-nav-worktrees/scrum259-linux-6dafd29/build/xnav-install/share/opencpn/uidata/markicons/Symbol-Glow-LargeRed.svg
-- Up-to-date: /home/standard/Projects/X-nav-worktrees/scrum259-linux-6dafd29/build/xnav-install/share/opencpn/uidata/markicons/Symbol-Glow-LargeWhite.svg
-- Up-to-date: /home/standard/Projects/X-nav-worktrees/scrum259-linux-6dafd29/build/xnav-install/share/opencpn/uidata/markicons/Symbol-Glow-LargeYellow.svg
-- Up-to-date: /home/standard/Projects/X-nav-worktrees/scrum259-linux-6dafd29/build/xnav-install/share/opencpn/uidata/markicons/Symbol-Glow-Small-Black.svg
-- Up-to-date: /home/standard/Projects/X-nav-worktrees/scrum259-linux-6dafd29/build/xnav-install/share/opencpn/uidata/markicons/Symbol-Glow-Small-Blue.svg
-- Up-to-date: /home/standard/Projects/X-nav-worktrees/scrum259-linux-6dafd29/build/xnav-install/share/opencpn/uidata/markicons/Symbol-Glow-Small-Green.svg
-- Up-to-date: /home/standard/Projects/X-nav-worktrees/scrum259-linux-6dafd29/build/xnav-install/share/opencpn/uidata/markicons/Symbol-Glow-Small-Magenta.svg
-- Up-to-date: /home/standard/Projects/X-nav-worktrees/scrum259-linux-6dafd29/build/xnav-install/share/opencpn/uidata/markicons/Symbol-Glow-Small-Orange.svg
-- Up-to-date: /home/standard/Projects/X-nav-worktrees/scrum259-linux-6dafd29/build/xnav-install/share/opencpn/uidata/markicons/Symbol-Glow-Small-Red.svg
-- Up-to-date: /home/standard/Projects/X-nav-worktrees/scrum259-linux-6dafd29/build/xnav-install/share/opencpn/uidata/markicons/Symbol-Glow-Small-White.svg
-- Up-to-date: /home/standard/Projects/X-nav-worktrees/scrum259-linux-6dafd29/build/xnav-install/share/opencpn/uidata/markicons/Symbol-Glow-Small-Yellow.svg
-- Up-to-date: /home/standard/Projects/X-nav-worktrees/scrum259-linux-6dafd29/build/xnav-install/share/opencpn/uidata/markicons/Symbol-Pin-Black.svg
-- Up-to-date: /home/standard/Projects/X-nav-worktrees/scrum259-linux-6dafd29/build/xnav-install/share/opencpn/uidata/markicons/Symbol-Pin-Blue.svg
-- Up-to-date: /home/standard/Projects/X-nav-worktrees/scrum259-linux-6dafd29/build/xnav-install/share/opencpn/uidata/markicons/Symbol-Pin-Green.svg
-- Up-to-date: /home/standard/Projects/X-nav-worktrees/scrum259-linux-6dafd29/build/xnav-install/share/opencpn/uidata/markicons/Symbol-Pin-Magenta.svg
-- Up-to-date: /home/standard/Projects/X-nav-worktrees/scrum259-linux-6dafd29/build/xnav-install/share/opencpn/uidata/markicons/Symbol-Pin-Orange.svg
-- Up-to-date: /home/standard/Projects/X-nav-worktrees/scrum259-linux-6dafd29/build/xnav-install/share/opencpn/uidata/markicons/Symbol-Pin-Red.svg
-- Up-to-date: /home/standard/Projects/X-nav-worktrees/scrum259-linux-6dafd29/build/xnav-install/share/opencpn/uidata/markicons/Symbol-Pin-White.svg
-- Up-to-date: /home/standard/Projects/X-nav-worktrees/scrum259-linux-6dafd29/build/xnav-install/share/opencpn/uidata/markicons/Symbol-Pin-Yellow.svg
-- Up-to-date: /home/standard/Projects/X-nav-worktrees/scrum259-linux-6dafd29/build/xnav-install/share/opencpn/uidata/markicons/Symbol-Question-Black.svg
-- Up-to-date: /home/standard/Projects/X-nav-worktrees/scrum259-linux-6dafd29/build/xnav-install/share/opencpn/uidata/markicons/Symbol-Question-Blue.svg
-- Up-to-date: /home/standard/Projects/X-nav-worktrees/scrum259-linux-6dafd29/build/xnav-install/share/opencpn/uidata/markicons/Symbol-Question-Green.svg
-- Up-to-date: /home/standard/Projects/X-nav-worktrees/scrum259-linux-6dafd29/build/xnav-install/share/opencpn/uidata/markicons/Symbol-Question-Magenta.svg
-- Up-to-date: /home/standard/Projects/X-nav-worktrees/scrum259-linux-6dafd29/build/xnav-install/share/opencpn/uidata/markicons/Symbol-Question-Orange.svg
-- Up-to-date: /home/standard/Projects/X-nav-worktrees/scrum259-linux-6dafd29/build/xnav-install/share/opencpn/uidata/markicons/Symbol-Question-Red.svg
-- Up-to-date: /home/standard/Projects/X-nav-worktrees/scrum259-linux-6dafd29/build/xnav-install/share/opencpn/uidata/markicons/Symbol-Question-White.svg
-- Up-to-date: /home/standard/Projects/X-nav-worktrees/scrum259-linux-6dafd29/build/xnav-install/share/opencpn/uidata/markicons/Symbol-Question-Yellow.svg
-- Up-to-date: /home/standard/Projects/X-nav-worktrees/scrum259-linux-6dafd29/build/xnav-install/share/opencpn/uidata/markicons/Symbol-Spot-Black.svg
-- Up-to-date: /home/standard/Projects/X-nav-worktrees/scrum259-linux-6dafd29/build/xnav-install/share/opencpn/uidata/markicons/Symbol-Spot-Blue.svg
-- Up-to-date: /home/standard/Projects/X-nav-worktrees/scrum259-linux-6dafd29/build/xnav-install/share/opencpn/uidata/markicons/Symbol-Spot-Green.svg
-- Up-to-date: /home/standard/Projects/X-nav-worktrees/scrum259-linux-6dafd29/build/xnav-install/share/opencpn/uidata/markicons/Symbol-Spot-Magenta.svg
-- Up-to-date: /home/standard/Projects/X-nav-worktrees/scrum259-linux-6dafd29/build/xnav-install/share/opencpn/uidata/markicons/Symbol-Spot-Orange.svg
-- Up-to-date: /home/standard/Projects/X-nav-worktrees/scrum259-linux-6dafd29/build/xnav-install/share/opencpn/uidata/markicons/Symbol-Spot-Red.svg
-- Up-to-date: /home/standard/Projects/X-nav-worktrees/scrum259-linux-6dafd29/build/xnav-install/share/opencpn/uidata/markicons/Symbol-Spot-White.svg
-- Up-to-date: /home/standard/Projects/X-nav-worktrees/scrum259-linux-6dafd29/build/xnav-install/share/opencpn/uidata/markicons/Symbol-Spot-Yellow.svg
-- Up-to-date: /home/standard/Projects/X-nav-worktrees/scrum259-linux-6dafd29/build/xnav-install/share/opencpn/uidata/markicons/Symbol-Square-Black.svg
-- Up-to-date: /home/standard/Projects/X-nav-worktrees/scrum259-linux-6dafd29/build/xnav-install/share/opencpn/uidata/markicons/Symbol-Square-Blue.svg
-- Up-to-date: /home/standard/Projects/X-nav-worktrees/scrum259-linux-6dafd29/build/xnav-install/share/opencpn/uidata/markicons/Symbol-Square-Green.svg
-- Up-to-date: /home/standard/Projects/X-nav-worktrees/scrum259-linux-6dafd29/build/xnav-install/share/opencpn/uidata/markicons/Symbol-Square-Magenta.svg
-- Up-to-date: /home/standard/Projects/X-nav-worktrees/scrum259-linux-6dafd29/build/xnav-install/share/opencpn/uidata/markicons/Symbol-Square-Orange.svg
-- Up-to-date: /home/standard/Projects/X-nav-worktrees/scrum259-linux-6dafd29/build/xnav-install/share/opencpn/uidata/markicons/Symbol-Square-Red.svg
-- Up-to-date: /home/standard/Projects/X-nav-worktrees/scrum259-linux-6dafd29/build/xnav-install/share/opencpn/uidata/markicons/Symbol-Square-White.svg
-- Up-to-date: /home/standard/Projects/X-nav-worktrees/scrum259-linux-6dafd29/build/xnav-install/share/opencpn/uidata/markicons/Symbol-Square-Yellow.svg
-- Up-to-date: /home/standard/Projects/X-nav-worktrees/scrum259-linux-6dafd29/build/xnav-install/share/opencpn/uidata/markicons/Symbol-Square.svg
-- Up-to-date: /home/standard/Projects/X-nav-worktrees/scrum259-linux-6dafd29/build/xnav-install/share/opencpn/uidata/markicons/Symbol-Star-Black.svg
-- Up-to-date: /home/standard/Projects/X-nav-worktrees/scrum259-linux-6dafd29/build/xnav-install/share/opencpn/uidata/markicons/Symbol-Star-Blue.svg
-- Up-to-date: /home/standard/Projects/X-nav-worktrees/scrum259-linux-6dafd29/build/xnav-install/share/opencpn/uidata/markicons/Symbol-Star-Green.svg
-- Up-to-date: /home/standard/Projects/X-nav-worktrees/scrum259-linux-6dafd29/build/xnav-install/share/opencpn/uidata/markicons/Symbol-Star-Magenta.svg
-- Up-to-date: /home/standard/Projects/X-nav-worktrees/scrum259-linux-6dafd29/build/xnav-install/share/opencpn/uidata/markicons/Symbol-Star-Orange.svg
-- Up-to-date: /home/standard/Projects/X-nav-worktrees/scrum259-linux-6dafd29/build/xnav-install/share/opencpn/uidata/markicons/Symbol-Star-Red.svg
-- Up-to-date: /home/standard/Projects/X-nav-worktrees/scrum259-linux-6dafd29/build/xnav-install/share/opencpn/uidata/markicons/Symbol-Star-White.svg
-- Up-to-date: /home/standard/Projects/X-nav-worktrees/scrum259-linux-6dafd29/build/xnav-install/share/opencpn/uidata/markicons/Symbol-Star-Yellow.svg
-- Up-to-date: /home/standard/Projects/X-nav-worktrees/scrum259-linux-6dafd29/build/xnav-install/share/opencpn/uidata/markicons/Symbol-Tick-Black.svg
-- Up-to-date: /home/standard/Projects/X-nav-worktrees/scrum259-linux-6dafd29/build/xnav-install/share/opencpn/uidata/markicons/Symbol-Tick-Blue.svg
-- Up-to-date: /home/standard/Projects/X-nav-worktrees/scrum259-linux-6dafd29/build/xnav-install/share/opencpn/uidata/markicons/Symbol-Tick-Green.svg
-- Up-to-date: /home/standard/Projects/X-nav-worktrees/scrum259-linux-6dafd29/build/xnav-install/share/opencpn/uidata/markicons/Symbol-Tick-Magenta.svg
-- Up-to-date: /home/standard/Projects/X-nav-worktrees/scrum259-linux-6dafd29/build/xnav-install/share/opencpn/uidata/markicons/Symbol-Tick-Orange.svg
-- Up-to-date: /home/standard/Projects/X-nav-worktrees/scrum259-linux-6dafd29/build/xnav-install/share/opencpn/uidata/markicons/Symbol-Tick-Red.svg
-- Up-to-date: /home/standard/Projects/X-nav-worktrees/scrum259-linux-6dafd29/build/xnav-install/share/opencpn/uidata/markicons/Symbol-Tick-White.svg
-- Up-to-date: /home/standard/Projects/X-nav-worktrees/scrum259-linux-6dafd29/build/xnav-install/share/opencpn/uidata/markicons/Symbol-Tick-Yellow.svg
-- Up-to-date: /home/standard/Projects/X-nav-worktrees/scrum259-linux-6dafd29/build/xnav-install/share/opencpn/uidata/markicons/Symbol-Triangle.svg
-- Up-to-date: /home/standard/Projects/X-nav-worktrees/scrum259-linux-6dafd29/build/xnav-install/share/opencpn/uidata/markicons/Symbol-X-Large-Black.svg
-- Up-to-date: /home/standard/Projects/X-nav-worktrees/scrum259-linux-6dafd29/build/xnav-install/share/opencpn/uidata/markicons/Symbol-X-Large-Blue.svg
-- Up-to-date: /home/standard/Projects/X-nav-worktrees/scrum259-linux-6dafd29/build/xnav-install/share/opencpn/uidata/markicons/Symbol-X-Large-Green.svg
-- Up-to-date: /home/standard/Projects/X-nav-worktrees/scrum259-linux-6dafd29/build/xnav-install/share/opencpn/uidata/markicons/Symbol-X-Large-Magenta.svg
-- Up-to-date: /home/standard/Projects/X-nav-worktrees/scrum259-linux-6dafd29/build/xnav-install/share/opencpn/uidata/markicons/Symbol-X-Large-Orange.svg
-- Up-to-date: /home/standard/Projects/X-nav-worktrees/scrum259-linux-6dafd29/build/xnav-install/share/opencpn/uidata/markicons/Symbol-X-Large-Red.svg
-- Up-to-date: /home/standard/Projects/X-nav-worktrees/scrum259-linux-6dafd29/build/xnav-install/share/opencpn/uidata/markicons/Symbol-X-Large-White.svg
-- Up-to-date: /home/standard/Projects/X-nav-worktrees/scrum259-linux-6dafd29/build/xnav-install/share/opencpn/uidata/markicons/Symbol-X-Large-Yellow.svg
-- Up-to-date: /home/standard/Projects/X-nav-worktrees/scrum259-linux-6dafd29/build/xnav-install/share/opencpn/uidata/markicons/Symbol-X-Small-Black.svg
-- Up-to-date: /home/standard/Projects/X-nav-worktrees/scrum259-linux-6dafd29/build/xnav-install/share/opencpn/uidata/markicons/Symbol-X-Small-Blue.svg
-- Up-to-date: /home/standard/Projects/X-nav-worktrees/scrum259-linux-6dafd29/build/xnav-install/share/opencpn/uidata/markicons/Symbol-X-Small-Green.svg
-- Up-to-date: /home/standard/Projects/X-nav-worktrees/scrum259-linux-6dafd29/build/xnav-install/share/opencpn/uidata/markicons/Symbol-X-Small-Magenta.svg
-- Up-to-date: /home/standard/Projects/X-nav-worktrees/scrum259-linux-6dafd29/build/xnav-install/share/opencpn/uidata/markicons/Symbol-X-Small-Orange.svg
-- Up-to-date: /home/standard/Projects/X-nav-worktrees/scrum259-linux-6dafd29/build/xnav-install/share/opencpn/uidata/markicons/Symbol-X-Small-Red.svg
-- Up-to-date: /home/standard/Projects/X-nav-worktrees/scrum259-linux-6dafd29/build/xnav-install/share/opencpn/uidata/markicons/Symbol-X-Small-White.svg
-- Up-to-date: /home/standard/Projects/X-nav-worktrees/scrum259-linux-6dafd29/build/xnav-install/share/opencpn/uidata/markicons/Symbol-X-Small-Yellow.svg
-- Up-to-date: /home/standard/Projects/X-nav-worktrees/scrum259-linux-6dafd29/build/xnav-install/share/opencpn/uidata/markicons/Weather-Hurricane-NH.svg
-- Up-to-date: /home/standard/Projects/X-nav-worktrees/scrum259-linux-6dafd29/build/xnav-install/share/opencpn/uidata/markicons/Weather-Hurricane-SH.svg
-- Up-to-date: /home/standard/Projects/X-nav-worktrees/scrum259-linux-6dafd29/build/xnav-install/share/opencpn/uidata/markicons/Weather-Tropical Depression.svg
-- Up-to-date: /home/standard/Projects/X-nav-worktrees/scrum259-linux-6dafd29/build/xnav-install/share/opencpn/uidata/markicons/Weather-Tropical High.svg
-- Up-to-date: /home/standard/Projects/X-nav-worktrees/scrum259-linux-6dafd29/build/xnav-install/share/opencpn/uidata/markicons/Weather-Tropical-Storm-NH.svg
-- Up-to-date: /home/standard/Projects/X-nav-worktrees/scrum259-linux-6dafd29/build/xnav-install/share/opencpn/uidata/markicons/Weather-Tropical-Storm-SH.svg
-- Up-to-date: /home/standard/Projects/X-nav-worktrees/scrum259-linux-6dafd29/build/xnav-install/share/opencpn/uidata/traditional
-- Up-to-date: /home/standard/Projects/X-nav-worktrees/scrum259-linux-6dafd29/build/xnav-install/share/opencpn/uidata/traditional/4WayMove.svg
-- Up-to-date: /home/standard/Projects/X-nav-worktrees/scrum259-linux-6dafd29/build/xnav-install/share/opencpn/uidata/traditional/AIS.svg
-- Up-to-date: /home/standard/Projects/X-nav-worktrees/scrum259-linux-6dafd29/build/xnav-install/share/opencpn/uidata/traditional/AIS_AlertGeneral.svg
-- Up-to-date: /home/standard/Projects/X-nav-worktrees/scrum259-linux-6dafd29/build/xnav-install/share/opencpn/uidata/traditional/AIS_AlertGeneral_Active.svg
-- Up-to-date: /home/standard/Projects/X-nav-worktrees/scrum259-linux-6dafd29/build/xnav-install/share/opencpn/uidata/traditional/AIS_AlertGeneral_Active_rollover.svg
-- Up-to-date: /home/standard/Projects/X-nav-worktrees/scrum259-linux-6dafd29/build/xnav-install/share/opencpn/uidata/traditional/AIS_AlertGeneral_rollover.svg
-- Up-to-date: /home/standard/Projects/X-nav-worktrees/scrum259-linux-6dafd29/build/xnav-install/share/opencpn/uidata/traditional/AIS_Disabled.svg
-- Up-to-date: /home/standard/Projects/X-nav-worktrees/scrum259-linux-6dafd29/build/xnav-install/share/opencpn/uidata/traditional/AIS_Disabled_rollover.svg
-- Up-to-date: /home/standard/Projects/X-nav-worktrees/scrum259-linux-6dafd29/build/xnav-install/share/opencpn/uidata/traditional/AIS_Normal_Active.svg
-- Up-to-date: /home/standard/Projects/X-nav-worktrees/scrum259-linux-6dafd29/build/xnav-install/share/opencpn/uidata/traditional/AIS_Normal_Active_rollover.svg
-- Up-to-date: /home/standard/Projects/X-nav-worktrees/scrum259-linux-6dafd29/build/xnav-install/share/opencpn/uidata/traditional/AIS_Suppressed.svg
-- Up-to-date: /home/standard/Projects/X-nav-worktrees/scrum259-linux-6dafd29/build/xnav-install/share/opencpn/uidata/traditional/AIS_Suppressed_Active.svg
-- Up-to-date: /home/standard/Projects/X-nav-worktrees/scrum259-linux-6dafd29/build/xnav-install/share/opencpn/uidata/traditional/AIS_Suppressed_Active_rollover.svg
-- Up-to-date: /home/standard/Projects/X-nav-worktrees/scrum259-linux-6dafd29/build/xnav-install/share/opencpn/uidata/traditional/AIS_Suppressed_rollover.svg
-- Up-to-date: /home/standard/Projects/X-nav-worktrees/scrum259-linux-6dafd29/build/xnav-install/share/opencpn/uidata/traditional/AIS_rollover.svg
-- Up-to-date: /home/standard/Projects/X-nav-worktrees/scrum259-linux-6dafd29/build/xnav-install/share/opencpn/uidata/traditional/CompassRose.svg
-- Up-to-date: /home/standard/Projects/X-nav-worktrees/scrum259-linux-6dafd29/build/xnav-install/share/opencpn/uidata/traditional/CompassRoseBlue.png
-- Up-to-date: /home/standard/Projects/X-nav-worktrees/scrum259-linux-6dafd29/build/xnav-install/share/opencpn/uidata/traditional/CompassRoseBlue.svg
-- Up-to-date: /home/standard/Projects/X-nav-worktrees/scrum259-linux-6dafd29/build/xnav-install/share/opencpn/uidata/traditional/colorscheme.svg
-- Up-to-date: /home/standard/Projects/X-nav-worktrees/scrum259-linux-6dafd29/build/xnav-install/share/opencpn/uidata/traditional/colorscheme_rollover.svg
-- Up-to-date: /home/standard/Projects/X-nav-worktrees/scrum259-linux-6dafd29/build/xnav-install/share/opencpn/uidata/traditional/current.svg
-- Up-to-date: /home/standard/Projects/X-nav-worktrees/scrum259-linux-6dafd29/build/xnav-install/share/opencpn/uidata/traditional/current_rollover.svg
-- Up-to-date: /home/standard/Projects/X-nav-worktrees/scrum259-linux-6dafd29/build/xnav-install/share/opencpn/uidata/traditional/current_rollover_toggled.svg
-- Up-to-date: /home/standard/Projects/X-nav-worktrees/scrum259-linux-6dafd29/build/xnav-install/share/opencpn/uidata/traditional/current_toggled.svg
-- Up-to-date: /home/standard/Projects/X-nav-worktrees/scrum259-linux-6dafd29/build/xnav-install/share/opencpn/uidata/traditional/down.svg
-- Up-to-date: /home/standard/Projects/X-nav-worktrees/scrum259-linux-6dafd29/build/xnav-install/share/opencpn/uidata/traditional/emblem-default.svg
-- Up-to-date: /home/standard/Projects/X-nav-worktrees/scrum259-linux-6dafd29/build/xnav-install/share/opencpn/uidata/traditional/emblem-download.svg
-- Up-to-date: /home/standard/Projects/X-nav-worktrees/scrum259-linux-6dafd29/build/xnav-install/share/opencpn/uidata/traditional/emblem-legacy-update.svg
-- Up-to-date: /home/standard/Projects/X-nav-worktrees/scrum259-linux-6dafd29/build/xnav-install/share/opencpn/uidata/traditional/emblem-readonly.svg
-- Up-to-date: /home/standard/Projects/X-nav-worktrees/scrum259-linux-6dafd29/build/xnav-install/share/opencpn/uidata/traditional/emblem-system.svg
-- Up-to-date: /home/standard/Projects/X-nav-worktrees/scrum259-linux-6dafd29/build/xnav-install/share/opencpn/uidata/traditional/emblem-unmanaged.svg
-- Up-to-date: /home/standard/Projects/X-nav-worktrees/scrum259-linux-6dafd29/build/xnav-install/share/opencpn/uidata/traditional/follow.svg
-- Up-to-date: /home/standard/Projects/X-nav-worktrees/scrum259-linux-6dafd29/build/xnav-install/share/opencpn/uidata/traditional/follow_rollover.svg
-- Up-to-date: /home/standard/Projects/X-nav-worktrees/scrum259-linux-6dafd29/build/xnav-install/share/opencpn/uidata/traditional/follow_rollover_toggled.svg
-- Up-to-date: /home/standard/Projects/X-nav-worktrees/scrum259-linux-6dafd29/build/xnav-install/share/opencpn/uidata/traditional/follow_toggled.svg
-- Up-to-date: /home/standard/Projects/X-nav-worktrees/scrum259-linux-6dafd29/build/xnav-install/share/opencpn/uidata/traditional/ghost.svg
-- Up-to-date: /home/standard/Projects/X-nav-worktrees/scrum259-linux-6dafd29/build/xnav-install/share/opencpn/uidata/traditional/gps1Bar.svg
-- Up-to-date: /home/standard/Projects/X-nav-worktrees/scrum259-linux-6dafd29/build/xnav-install/share/opencpn/uidata/traditional/gps2Bar.svg
-- Up-to-date: /home/standard/Projects/X-nav-worktrees/scrum259-linux-6dafd29/build/xnav-install/share/opencpn/uidata/traditional/gps3Bar.svg
-- Up-to-date: /home/standard/Projects/X-nav-worktrees/scrum259-linux-6dafd29/build/xnav-install/share/opencpn/uidata/traditional/gpsGrn.svg
-- Up-to-date: /home/standard/Projects/X-nav-worktrees/scrum259-linux-6dafd29/build/xnav-install/share/opencpn/uidata/traditional/gpsGry.svg
-- Up-to-date: /home/standard/Projects/X-nav-worktrees/scrum259-linux-6dafd29/build/xnav-install/share/opencpn/uidata/traditional/gpsRed.svg
-- Up-to-date: /home/standard/Projects/X-nav-worktrees/scrum259-linux-6dafd29/build/xnav-install/share/opencpn/uidata/traditional/grabber.svg
-- Up-to-date: /home/standard/Projects/X-nav-worktrees/scrum259-linux-6dafd29/build/xnav-install/share/opencpn/uidata/traditional/grabber_ext.svg
-- Up-to-date: /home/standard/Projects/X-nav-worktrees/scrum259-linux-6dafd29/build/xnav-install/share/opencpn/uidata/traditional/grabber_hi.svg
-- Up-to-date: /home/standard/Projects/X-nav-worktrees/scrum259-linux-6dafd29/build/xnav-install/share/opencpn/uidata/traditional/help.svg
-- Up-to-date: /home/standard/Projects/X-nav-worktrees/scrum259-linux-6dafd29/build/xnav-install/share/opencpn/uidata/traditional/help_rollover.svg
-- Up-to-date: /home/standard/Projects/X-nav-worktrees/scrum259-linux-6dafd29/build/xnav-install/share/opencpn/uidata/traditional/left.svg
-- Up-to-date: /home/standard/Projects/X-nav-worktrees/scrum259-linux-6dafd29/build/xnav-install/share/opencpn/uidata/traditional/mob.svg
-- Up-to-date: /home/standard/Projects/X-nav-worktrees/scrum259-linux-6dafd29/build/xnav-install/share/opencpn/uidata/traditional/mob_btn.svg
-- Up-to-date: /home/standard/Projects/X-nav-worktrees/scrum259-linux-6dafd29/build/xnav-install/share/opencpn/uidata/traditional/mob_btn_rollover.svg
-- Up-to-date: /home/standard/Projects/X-nav-worktrees/scrum259-linux-6dafd29/build/xnav-install/share/opencpn/uidata/traditional/packageBox.svg
-- Up-to-date: /home/standard/Projects/X-nav-worktrees/scrum259-linux-6dafd29/build/xnav-install/share/opencpn/uidata/traditional/pencil.svg
-- Up-to-date: /home/standard/Projects/X-nav-worktrees/scrum259-linux-6dafd29/build/xnav-install/share/opencpn/uidata/traditional/print.svg
-- Up-to-date: /home/standard/Projects/X-nav-worktrees/scrum259-linux-6dafd29/build/xnav-install/share/opencpn/uidata/traditional/print_rollover.svg
-- Up-to-date: /home/standard/Projects/X-nav-worktrees/scrum259-linux-6dafd29/build/xnav-install/share/opencpn/uidata/traditional/right.svg
-- Up-to-date: /home/standard/Projects/X-nav-worktrees/scrum259-linux-6dafd29/build/xnav-install/share/opencpn/uidata/traditional/route.svg
-- Up-to-date: /home/standard/Projects/X-nav-worktrees/scrum259-linux-6dafd29/build/xnav-install/share/opencpn/uidata/traditional/route_manager.svg
-- Up-to-date: /home/standard/Projects/X-nav-worktrees/scrum259-linux-6dafd29/build/xnav-install/share/opencpn/uidata/traditional/route_manager_rollover.svg
-- Up-to-date: /home/standard/Projects/X-nav-worktrees/scrum259-linux-6dafd29/build/xnav-install/share/opencpn/uidata/traditional/route_rollover.svg
-- Up-to-date: /home/standard/Projects/X-nav-worktrees/scrum259-linux-6dafd29/build/xnav-install/share/opencpn/uidata/traditional/route_rollover_toggled.svg
-- Up-to-date: /home/standard/Projects/X-nav-worktrees/scrum259-linux-6dafd29/build/xnav-install/share/opencpn/uidata/traditional/route_toggled.svg
-- Up-to-date: /home/standard/Projects/X-nav-worktrees/scrum259-linux-6dafd29/build/xnav-install/share/opencpn/uidata/traditional/scin.svg
-- Up-to-date: /home/standard/Projects/X-nav-worktrees/scrum259-linux-6dafd29/build/xnav-install/share/opencpn/uidata/traditional/scin_disabled.svg
-- Up-to-date: /home/standard/Projects/X-nav-worktrees/scrum259-linux-6dafd29/build/xnav-install/share/opencpn/uidata/traditional/scin_rollover.svg
-- Up-to-date: /home/standard/Projects/X-nav-worktrees/scrum259-linux-6dafd29/build/xnav-install/share/opencpn/uidata/traditional/scout.svg
-- Up-to-date: /home/standard/Projects/X-nav-worktrees/scrum259-linux-6dafd29/build/xnav-install/share/opencpn/uidata/traditional/scout_disabled.svg
-- Up-to-date: /home/standard/Projects/X-nav-worktrees/scrum259-linux-6dafd29/build/xnav-install/share/opencpn/uidata/traditional/scout_rollover.svg
-- Up-to-date: /home/standard/Projects/X-nav-worktrees/scrum259-linux-6dafd29/build/xnav-install/share/opencpn/uidata/traditional/settings.svg
-- Up-to-date: /home/standard/Projects/X-nav-worktrees/scrum259-linux-6dafd29/build/xnav-install/share/opencpn/uidata/traditional/settings_disabled.svg
-- Up-to-date: /home/standard/Projects/X-nav-worktrees/scrum259-linux-6dafd29/build/xnav-install/share/opencpn/uidata/traditional/settings_rollover.svg
-- Up-to-date: /home/standard/Projects/X-nav-worktrees/scrum259-linux-6dafd29/build/xnav-install/share/opencpn/uidata/traditional/text.svg
-- Up-to-date: /home/standard/Projects/X-nav-worktrees/scrum259-linux-6dafd29/build/xnav-install/share/opencpn/uidata/traditional/text_rollover.svg
-- Up-to-date: /home/standard/Projects/X-nav-worktrees/scrum259-linux-6dafd29/build/xnav-install/share/opencpn/uidata/traditional/text_rollover_toggled.svg
-- Up-to-date: /home/standard/Projects/X-nav-worktrees/scrum259-linux-6dafd29/build/xnav-install/share/opencpn/uidata/traditional/text_toggled.svg
-- Up-to-date: /home/standard/Projects/X-nav-worktrees/scrum259-linux-6dafd29/build/xnav-install/share/opencpn/uidata/traditional/tide.svg
-- Up-to-date: /home/standard/Projects/X-nav-worktrees/scrum259-linux-6dafd29/build/xnav-install/share/opencpn/uidata/traditional/tide_rollover.svg
-- Up-to-date: /home/standard/Projects/X-nav-worktrees/scrum259-linux-6dafd29/build/xnav-install/share/opencpn/uidata/traditional/tide_rollover_toggled.svg
-- Up-to-date: /home/standard/Projects/X-nav-worktrees/scrum259-linux-6dafd29/build/xnav-install/share/opencpn/uidata/traditional/tide_toggled.svg
-- Up-to-date: /home/standard/Projects/X-nav-worktrees/scrum259-linux-6dafd29/build/xnav-install/share/opencpn/uidata/traditional/track.svg
-- Up-to-date: /home/standard/Projects/X-nav-worktrees/scrum259-linux-6dafd29/build/xnav-install/share/opencpn/uidata/traditional/track_rollover.svg
-- Up-to-date: /home/standard/Projects/X-nav-worktrees/scrum259-linux-6dafd29/build/xnav-install/share/opencpn/uidata/traditional/track_rollover_toggled.svg
-- Up-to-date: /home/standard/Projects/X-nav-worktrees/scrum259-linux-6dafd29/build/xnav-install/share/opencpn/uidata/traditional/track_toggled.svg
-- Up-to-date: /home/standard/Projects/X-nav-worktrees/scrum259-linux-6dafd29/build/xnav-install/share/opencpn/uidata/traditional/up.svg
-- Up-to-date: /home/standard/Projects/X-nav-worktrees/scrum259-linux-6dafd29/build/xnav-install/share/opencpn/uidata/traditional/zoomin.svg
-- Up-to-date: /home/standard/Projects/X-nav-worktrees/scrum259-linux-6dafd29/build/xnav-install/share/opencpn/uidata/traditional/zoomin_rollover.svg
-- Up-to-date: /home/standard/Projects/X-nav-worktrees/scrum259-linux-6dafd29/build/xnav-install/share/opencpn/uidata/traditional/zoomout.svg
-- Up-to-date: /home/standard/Projects/X-nav-worktrees/scrum259-linux-6dafd29/build/xnav-install/share/opencpn/uidata/traditional/zoomout_rollover.svg
-- Up-to-date: /home/standard/Projects/X-nav-worktrees/scrum259-linux-6dafd29/build/xnav-install/share/opencpn/uidata/journeyman
-- Up-to-date: /home/standard/Projects/X-nav-worktrees/scrum259-linux-6dafd29/build/xnav-install/share/opencpn/uidata/journeyman/CompassRose.svg
-- Up-to-date: /home/standard/Projects/X-nav-worktrees/scrum259-linux-6dafd29/build/xnav-install/share/opencpn/uidata/journeyman/CompassRoseBlue.svg
-- Up-to-date: /home/standard/Projects/X-nav-worktrees/scrum259-linux-6dafd29/build/xnav-install/share/opencpn/uidata/journeyman/gps1Bar.svg
-- Up-to-date: /home/standard/Projects/X-nav-worktrees/scrum259-linux-6dafd29/build/xnav-install/share/opencpn/uidata/journeyman/gps2Bar.svg
-- Up-to-date: /home/standard/Projects/X-nav-worktrees/scrum259-linux-6dafd29/build/xnav-install/share/opencpn/uidata/journeyman/gps3Bar.svg
-- Up-to-date: /home/standard/Projects/X-nav-worktrees/scrum259-linux-6dafd29/build/xnav-install/share/opencpn/uidata/journeyman/gpsGrn.svg
-- Up-to-date: /home/standard/Projects/X-nav-worktrees/scrum259-linux-6dafd29/build/xnav-install/share/opencpn/uidata/journeyman/gpsGry.svg
-- Up-to-date: /home/standard/Projects/X-nav-worktrees/scrum259-linux-6dafd29/build/xnav-install/share/opencpn/uidata/journeyman/gpsRed.svg
-- Up-to-date: /home/standard/Projects/X-nav-worktrees/scrum259-linux-6dafd29/build/xnav-install/share/opencpn/uidata/journeyman_flat
-- Up-to-date: /home/standard/Projects/X-nav-worktrees/scrum259-linux-6dafd29/build/xnav-install/share/opencpn/uidata/journeyman_flat/CompassRose.svg
-- Up-to-date: /home/standard/Projects/X-nav-worktrees/scrum259-linux-6dafd29/build/xnav-install/share/opencpn/uidata/journeyman_flat/CompassRoseBlue.svg
-- Up-to-date: /home/standard/Projects/X-nav-worktrees/scrum259-linux-6dafd29/build/xnav-install/share/opencpn/uidata/journeyman_flat/gps1Bar.svg
-- Up-to-date: /home/standard/Projects/X-nav-worktrees/scrum259-linux-6dafd29/build/xnav-install/share/opencpn/uidata/journeyman_flat/gps2Bar.svg
-- Up-to-date: /home/standard/Projects/X-nav-worktrees/scrum259-linux-6dafd29/build/xnav-install/share/opencpn/uidata/journeyman_flat/gps3Bar.svg
-- Up-to-date: /home/standard/Projects/X-nav-worktrees/scrum259-linux-6dafd29/build/xnav-install/share/opencpn/uidata/journeyman_flat/gpsGrn.svg
-- Up-to-date: /home/standard/Projects/X-nav-worktrees/scrum259-linux-6dafd29/build/xnav-install/share/opencpn/uidata/journeyman_flat/gpsGry.svg
-- Up-to-date: /home/standard/Projects/X-nav-worktrees/scrum259-linux-6dafd29/build/xnav-install/share/opencpn/uidata/journeyman_flat/gpsRed.svg
-- Up-to-date: /home/standard/Projects/X-nav-worktrees/scrum259-linux-6dafd29/build/xnav-install/share/opencpn/uidata/MUI_flat
-- Up-to-date: /home/standard/Projects/X-nav-worktrees/scrum259-linux-6dafd29/build/xnav-install/share/opencpn/uidata/MUI_flat/CompassRose.svg
-- Up-to-date: /home/standard/Projects/X-nav-worktrees/scrum259-linux-6dafd29/build/xnav-install/share/opencpn/uidata/MUI_flat/CompassRoseBlue.svg
-- Up-to-date: /home/standard/Projects/X-nav-worktrees/scrum259-linux-6dafd29/build/xnav-install/share/opencpn/uidata/MUI_flat/CompassRoseMag.svg
-- Up-to-date: /home/standard/Projects/X-nav-worktrees/scrum259-linux-6dafd29/build/xnav-install/share/opencpn/uidata/MUI_flat/Dashboard.svg
-- Up-to-date: /home/standard/Projects/X-nav-worktrees/scrum259-linux-6dafd29/build/xnav-install/share/opencpn/uidata/MUI_flat/Dashboard_rollover.svg
-- Up-to-date: /home/standard/Projects/X-nav-worktrees/scrum259-linux-6dafd29/build/xnav-install/share/opencpn/uidata/MUI_flat/Dashboard_rollover_toggled.svg
-- Up-to-date: /home/standard/Projects/X-nav-worktrees/scrum259-linux-6dafd29/build/xnav-install/share/opencpn/uidata/MUI_flat/Dashboard_toggled.svg
-- Up-to-date: /home/standard/Projects/X-nav-worktrees/scrum259-linux-6dafd29/build/xnav-install/share/opencpn/uidata/MUI_flat/GRIB.svg
-- Up-to-date: /home/standard/Projects/X-nav-worktrees/scrum259-linux-6dafd29/build/xnav-install/share/opencpn/uidata/MUI_flat/GRIB_rollover.svg
-- Up-to-date: /home/standard/Projects/X-nav-worktrees/scrum259-linux-6dafd29/build/xnav-install/share/opencpn/uidata/MUI_flat/GRIB_rollover_toggled.svg
-- Up-to-date: /home/standard/Projects/X-nav-worktrees/scrum259-linux-6dafd29/build/xnav-install/share/opencpn/uidata/MUI_flat/GRIB_toggled.svg
-- Up-to-date: /home/standard/Projects/X-nav-worktrees/scrum259-linux-6dafd29/build/xnav-install/share/opencpn/uidata/MUI_flat/MUI_RMD.svg
-- Up-to-date: /home/standard/Projects/X-nav-worktrees/scrum259-linux-6dafd29/build/xnav-install/share/opencpn/uidata/MUI_flat/MUI_Sconfig_1.svg
-- Up-to-date: /home/standard/Projects/X-nav-worktrees/scrum259-linux-6dafd29/build/xnav-install/share/opencpn/uidata/MUI_flat/MUI_Sconfig_2.svg
-- Up-to-date: /home/standard/Projects/X-nav-worktrees/scrum259-linux-6dafd29/build/xnav-install/share/opencpn/uidata/MUI_flat/MUI_colorscheme.svg
-- Up-to-date: /home/standard/Projects/X-nav-worktrees/scrum259-linux-6dafd29/build/xnav-install/share/opencpn/uidata/MUI_flat/MUI_follow.svg
-- Up-to-date: /home/standard/Projects/X-nav-worktrees/scrum259-linux-6dafd29/build/xnav-install/share/opencpn/uidata/MUI_flat/MUI_follow_active.svg
-- Up-to-date: /home/standard/Projects/X-nav-worktrees/scrum259-linux-6dafd29/build/xnav-install/share/opencpn/uidata/MUI_flat/MUI_follow_ahead.svg
-- Up-to-date: /home/standard/Projects/X-nav-worktrees/scrum259-linux-6dafd29/build/xnav-install/share/opencpn/uidata/MUI_flat/MUI_help.svg
-- Up-to-date: /home/standard/Projects/X-nav-worktrees/scrum259-linux-6dafd29/build/xnav-install/share/opencpn/uidata/MUI_flat/MUI_menu.svg
-- Up-to-date: /home/standard/Projects/X-nav-worktrees/scrum259-linux-6dafd29/build/xnav-install/share/opencpn/uidata/MUI_flat/MUI_menu_rollover.svg
-- Up-to-date: /home/standard/Projects/X-nav-worktrees/scrum259-linux-6dafd29/build/xnav-install/share/opencpn/uidata/MUI_flat/MUI_print.svg
-- Up-to-date: /home/standard/Projects/X-nav-worktrees/scrum259-linux-6dafd29/build/xnav-install/share/opencpn/uidata/MUI_flat/MUI_route.svg
-- Up-to-date: /home/standard/Projects/X-nav-worktrees/scrum259-linux-6dafd29/build/xnav-install/share/opencpn/uidata/MUI_flat/MUI_route_rollover_toggled.svg
-- Up-to-date: /home/standard/Projects/X-nav-worktrees/scrum259-linux-6dafd29/build/xnav-install/share/opencpn/uidata/MUI_flat/MUI_route_toggled.svg
-- Up-to-date: /home/standard/Projects/X-nav-worktrees/scrum259-linux-6dafd29/build/xnav-install/share/opencpn/uidata/MUI_flat/MUI_settings.svg
-- Up-to-date: /home/standard/Projects/X-nav-worktrees/scrum259-linux-6dafd29/build/xnav-install/share/opencpn/uidata/MUI_flat/MUI_settings_disabled.svg
-- Up-to-date: /home/standard/Projects/X-nav-worktrees/scrum259-linux-6dafd29/build/xnav-install/share/opencpn/uidata/MUI_flat/MUI_track.svg
-- Up-to-date: /home/standard/Projects/X-nav-worktrees/scrum259-linux-6dafd29/build/xnav-install/share/opencpn/uidata/MUI_flat/MUI_track_rollover.svg
-- Up-to-date: /home/standard/Projects/X-nav-worktrees/scrum259-linux-6dafd29/build/xnav-install/share/opencpn/uidata/MUI_flat/MUI_track_rollover_toggled.svg
-- Up-to-date: /home/standard/Projects/X-nav-worktrees/scrum259-linux-6dafd29/build/xnav-install/share/opencpn/uidata/MUI_flat/MUI_track_toggled.svg
-- Up-to-date: /home/standard/Projects/X-nav-worktrees/scrum259-linux-6dafd29/build/xnav-install/share/opencpn/uidata/MUI_flat/MUI_zoom-in.svg
-- Up-to-date: /home/standard/Projects/X-nav-worktrees/scrum259-linux-6dafd29/build/xnav-install/share/opencpn/uidata/MUI_flat/MUI_zoom-out.svg
-- Up-to-date: /home/standard/Projects/X-nav-worktrees/scrum259-linux-6dafd29/build/xnav-install/share/opencpn/uidata/MUI_flat/WMM.svg
-- Up-to-date: /home/standard/Projects/X-nav-worktrees/scrum259-linux-6dafd29/build/xnav-install/share/opencpn/uidata/MUI_flat/X_mult.svg
-- Up-to-date: /home/standard/Projects/X-nav-worktrees/scrum259-linux-6dafd29/build/xnav-install/share/opencpn/uidata/MUI_flat/check_mark.svg
-- Up-to-date: /home/standard/Projects/X-nav-worktrees/scrum259-linux-6dafd29/build/xnav-install/share/opencpn/uidata/MUI_flat/circle-off.svg
-- Up-to-date: /home/standard/Projects/X-nav-worktrees/scrum259-linux-6dafd29/build/xnav-install/share/opencpn/uidata/MUI_flat/circle-on.svg
-- Up-to-date: /home/standard/Projects/X-nav-worktrees/scrum259-linux-6dafd29/build/xnav-install/share/opencpn/uidata/MUI_flat/exclaim_mark.svg
-- Up-to-date: /home/standard/Projects/X-nav-worktrees/scrum259-linux-6dafd29/build/xnav-install/share/opencpn/uidata/MUI_flat/gps1Bar.svg
-- Up-to-date: /home/standard/Projects/X-nav-worktrees/scrum259-linux-6dafd29/build/xnav-install/share/opencpn/uidata/MUI_flat/gps2Bar.svg
-- Up-to-date: /home/standard/Projects/X-nav-worktrees/scrum259-linux-6dafd29/build/xnav-install/share/opencpn/uidata/MUI_flat/gps3Bar.svg
-- Up-to-date: /home/standard/Projects/X-nav-worktrees/scrum259-linux-6dafd29/build/xnav-install/share/opencpn/uidata/MUI_flat/gpsGrn.svg
-- Up-to-date: /home/standard/Projects/X-nav-worktrees/scrum259-linux-6dafd29/build/xnav-install/share/opencpn/uidata/MUI_flat/gpsGry.svg
-- Up-to-date: /home/standard/Projects/X-nav-worktrees/scrum259-linux-6dafd29/build/xnav-install/share/opencpn/uidata/MUI_flat/gpsRed.svg
-- Up-to-date: /home/standard/Projects/X-nav-worktrees/scrum259-linux-6dafd29/build/xnav-install/share/opencpn/uidata/MUI_flat/mob_btn.svg
-- Up-to-date: /home/standard/Projects/X-nav-worktrees/scrum259-linux-6dafd29/build/xnav-install/share/opencpn/uidata/MUI_flat/notification-critical-1.svg
-- Up-to-date: /home/standard/Projects/X-nav-worktrees/scrum259-linux-6dafd29/build/xnav-install/share/opencpn/uidata/MUI_flat/notification-critical-2.svg
-- Up-to-date: /home/standard/Projects/X-nav-worktrees/scrum259-linux-6dafd29/build/xnav-install/share/opencpn/uidata/MUI_flat/notification-critical.svg
-- Up-to-date: /home/standard/Projects/X-nav-worktrees/scrum259-linux-6dafd29/build/xnav-install/share/opencpn/uidata/MUI_flat/notification-info-1.svg
-- Up-to-date: /home/standard/Projects/X-nav-worktrees/scrum259-linux-6dafd29/build/xnav-install/share/opencpn/uidata/MUI_flat/notification-info-2.svg
-- Up-to-date: /home/standard/Projects/X-nav-worktrees/scrum259-linux-6dafd29/build/xnav-install/share/opencpn/uidata/MUI_flat/notification-info.svg
-- Up-to-date: /home/standard/Projects/X-nav-worktrees/scrum259-linux-6dafd29/build/xnav-install/share/opencpn/uidata/MUI_flat/notification-warning-1.svg
-- Up-to-date: /home/standard/Projects/X-nav-worktrees/scrum259-linux-6dafd29/build/xnav-install/share/opencpn/uidata/MUI_flat/notification-warning-2.svg
-- Up-to-date: /home/standard/Projects/X-nav-worktrees/scrum259-linux-6dafd29/build/xnav-install/share/opencpn/uidata/MUI_flat/notification-warning.svg
-- Up-to-date: /home/standard/Projects/X-nav-worktrees/scrum259-linux-6dafd29/build/xnav-install/share/opencpn/uidata/MUI_flat/setting_gear.svg
-- Up-to-date: /home/standard/Projects/X-nav-worktrees/scrum259-linux-6dafd29/build/xnav-install/share/opencpn/uidata/MUI_flat/trash_bin.svg
-- Up-to-date: /home/standard/Projects/X-nav-worktrees/scrum259-linux-6dafd29/build/xnav-install/share/opencpn/s57data/attdecode.csv
-- Up-to-date: /home/standard/Projects/X-nav-worktrees/scrum259-linux-6dafd29/build/xnav-install/share/opencpn/s57data/S52RAZDS.RLE
-- Up-to-date: /home/standard/Projects/X-nav-worktrees/scrum259-linux-6dafd29/build/xnav-install/share/opencpn/s57data/s57attributes.csv
-- Up-to-date: /home/standard/Projects/X-nav-worktrees/scrum259-linux-6dafd29/build/xnav-install/share/opencpn/s57data/s57expectedinput.csv
-- Up-to-date: /home/standard/Projects/X-nav-worktrees/scrum259-linux-6dafd29/build/xnav-install/share/opencpn/s57data/s57objectclasses.csv
-- Up-to-date: /home/standard/Projects/X-nav-worktrees/scrum259-linux-6dafd29/build/xnav-install/share/opencpn/s57data/rastersymbols-dark.png
-- Up-to-date: /home/standard/Projects/X-nav-worktrees/scrum259-linux-6dafd29/build/xnav-install/share/opencpn/s57data/rastersymbols-day.png
-- Up-to-date: /home/standard/Projects/X-nav-worktrees/scrum259-linux-6dafd29/build/xnav-install/share/opencpn/s57data/rastersymbols-dusk.png
-- Up-to-date: /home/standard/Projects/X-nav-worktrees/scrum259-linux-6dafd29/build/xnav-install/share/opencpn/s57data/chartsymbols.xml
-- Up-to-date: /home/standard/Projects/X-nav-worktrees/scrum259-linux-6dafd29/build/xnav-install/share/opencpn/tcdata/HARMONICS_NO_US
-- Up-to-date: /home/standard/Projects/X-nav-worktrees/scrum259-linux-6dafd29/build/xnav-install/share/opencpn/tcdata/HARMONICS_NO_US.IDX
-- Up-to-date: /home/standard/Projects/X-nav-worktrees/scrum259-linux-6dafd29/build/xnav-install/share/opencpn/tcdata/harmonics-dwf-20210110-free.tcd
-- Up-to-date: /home/standard/Projects/X-nav-worktrees/scrum259-linux-6dafd29/build/xnav-install/share/opencpn/tcdata/README.harmonics
-- Up-to-date: /home/standard/Projects/X-nav-worktrees/scrum259-linux-6dafd29/build/xnav-install/share/opencpn/gshhs/poly-c-1.dat
-- Up-to-date: /home/standard/Projects/X-nav-worktrees/scrum259-linux-6dafd29/build/xnav-install/share/opencpn/gshhs/wdb_borders_c.b
-- Up-to-date: /home/standard/Projects/X-nav-worktrees/scrum259-linux-6dafd29/build/xnav-install/share/opencpn/gshhs/wdb_rivers_c.b
-- Up-to-date: /home/standard/Projects/X-nav-worktrees/scrum259-linux-6dafd29/build/xnav-install/share/opencpn/basemap_shp/basemap_crude_10x10.cpg
-- Up-to-date: /home/standard/Projects/X-nav-worktrees/scrum259-linux-6dafd29/build/xnav-install/share/opencpn/basemap_shp/basemap_crude_10x10.prj
-- Up-to-date: /home/standard/Projects/X-nav-worktrees/scrum259-linux-6dafd29/build/xnav-install/share/opencpn/basemap_shp/basemap_crude_10x10.shp
-- Up-to-date: /home/standard/Projects/X-nav-worktrees/scrum259-linux-6dafd29/build/xnav-install/share/opencpn/basemap_shp/basemap_crude_10x10.dbf
-- Up-to-date: /home/standard/Projects/X-nav-worktrees/scrum259-linux-6dafd29/build/xnav-install/share/opencpn/basemap_shp/basemap_crude_10x10.qmd
-- Up-to-date: /home/standard/Projects/X-nav-worktrees/scrum259-linux-6dafd29/build/xnav-install/share/opencpn/basemap_shp/basemap_crude_10x10.shx
-- Up-to-date: /home/standard/Projects/X-nav-worktrees/scrum259-linux-6dafd29/build/xnav-install/share/opencpn/basemap_shp/basemap_low.cpg
-- Up-to-date: /home/standard/Projects/X-nav-worktrees/scrum259-linux-6dafd29/build/xnav-install/share/opencpn/basemap_shp/basemap_low.prj
-- Up-to-date: /home/standard/Projects/X-nav-worktrees/scrum259-linux-6dafd29/build/xnav-install/share/opencpn/basemap_shp/basemap_low.shx
-- Up-to-date: /home/standard/Projects/X-nav-worktrees/scrum259-linux-6dafd29/build/xnav-install/share/opencpn/basemap_shp/basemap_low.dbf
-- Up-to-date: /home/standard/Projects/X-nav-worktrees/scrum259-linux-6dafd29/build/xnav-install/share/opencpn/basemap_shp/basemap_low.shp
-- Up-to-date: /home/standard/Projects/X-nav-worktrees/scrum259-linux-6dafd29/build/xnav-install/share/opencpn/ssfndata/FreeSans.sfn
-- Up-to-date: /home/standard/Projects/X-nav-worktrees/scrum259-linux-6dafd29/build/xnav-install/share/opencpn/COPYING.gplv2
-- Up-to-date: /home/standard/Projects/X-nav-worktrees/scrum259-linux-6dafd29/build/xnav-install/share/opencpn/COPYING.gplv3
-- Up-to-date: /home/standard/Projects/X-nav-worktrees/scrum259-linux-6dafd29/build/xnav-install/share/opencpn/COPYING.lgplv2
-- Up-to-date: /home/standard/Projects/X-nav-worktrees/scrum259-linux-6dafd29/build/xnav-install/share/opencpn/COPYING.lgplv3
-- Up-to-date: /home/standard/Projects/X-nav-worktrees/scrum259-linux-6dafd29/build/xnav-install/share/opencpn/LICENSING
-- Up-to-date: /home/standard/Projects/X-nav-worktrees/scrum259-linux-6dafd29/build/xnav-install/share/opencpn/CoC-909_2013-InlandECDIS_20170308s.pdf
-- Up-to-date: /home/standard/Projects/X-nav-worktrees/scrum259-linux-6dafd29/build/xnav-install/share/opencpn/CoC-1973_2018-InlandECDIS_20220912.pdf
-- Up-to-date: /home/standard/Projects/X-nav-worktrees/scrum259-linux-6dafd29/build/xnav-install/share/doc/opencpn/copyright
-- Up-to-date: /home/standard/Projects/X-nav-worktrees/scrum259-linux-6dafd29/build/xnav-install/share/opencpn/license.html
-- Up-to-date: /home/standard/Projects/X-nav-worktrees/scrum259-linux-6dafd29/build/xnav-install/share/opencpn/authors.html
-- Up-to-date: /home/standard/Projects/X-nav-worktrees/scrum259-linux-6dafd29/build/xnav-install/share/opencpn/opencpn.png
-- Up-to-date: /home/standard/Projects/X-nav-worktrees/scrum259-linux-6dafd29/build/xnav-install/share/doc/opencpn/changelog
-- Up-to-date: /home/standard/Projects/X-nav-worktrees/scrum259-linux-6dafd29/build/xnav-install/share/opencpn/sounds
-- Up-to-date: /home/standard/Projects/X-nav-worktrees/scrum259-linux-6dafd29/build/xnav-install/share/opencpn/sounds/1bells.wav
-- Up-to-date: /home/standard/Projects/X-nav-worktrees/scrum259-linux-6dafd29/build/xnav-install/share/opencpn/sounds/2bells.wav
-- Up-to-date: /home/standard/Projects/X-nav-worktrees/scrum259-linux-6dafd29/build/xnav-install/share/opencpn/sounds/README.bells
-- Up-to-date: /home/standard/Projects/X-nav-worktrees/scrum259-linux-6dafd29/build/xnav-install/share/opencpn/sounds/beep1.wav
-- Up-to-date: /home/standard/Projects/X-nav-worktrees/scrum259-linux-6dafd29/build/xnav-install/share/opencpn/sounds/beep3.wav
-- Up-to-date: /home/standard/Projects/X-nav-worktrees/scrum259-linux-6dafd29/build/xnav-install/share/opencpn/sounds/beep_ssl.wav
-- Up-to-date: /home/standard/Projects/X-nav-worktrees/scrum259-linux-6dafd29/build/xnav-install/share/opencpn/sounds/phonering1.wav
-- Up-to-date: /home/standard/Projects/X-nav-worktrees/scrum259-linux-6dafd29/build/xnav-install/share/opencpn/doc/help_web.html
-- Up-to-date: /home/standard/Projects/X-nav-worktrees/scrum259-linux-6dafd29/build/xnav-install/share/icons/hicolor/48x48/apps/opencpn.png
-- Up-to-date: /home/standard/Projects/X-nav-worktrees/scrum259-linux-6dafd29/build/xnav-install/share/icons/hicolor/64x64/apps/opencpn.png
-- Up-to-date: /home/standard/Projects/X-nav-worktrees/scrum259-linux-6dafd29/build/xnav-install/share/icons/hicolor/scalable/apps/opencpn.svg
-- Up-to-date: /home/standard/Projects/X-nav-worktrees/scrum259-linux-6dafd29/build/xnav-install/share/applications/opencpn.desktop
-- Installing: /home/standard/Projects/X-nav-worktrees/scrum259-linux-6dafd29/build/xnav-install/share/metainfo/opencpn.appdata.xml
-- Up-to-date: /home/standard/Projects/X-nav-worktrees/scrum259-linux-6dafd29/build/xnav-install/share/man/man1/opencpn.1
-- Up-to-date: /home/standard/Projects/X-nav-worktrees/scrum259-linux-6dafd29/build/xnav-install/share/man/man1/opencpn-cmd.1
-- Skipped installing udev dongle rule
-- Up-to-date: /home/standard/Projects/X-nav-worktrees/scrum259-linux-6dafd29/build/xnav-install/share/locale/cs/LC_MESSAGES/opencpn.mo
-- Up-to-date: /home/standard/Projects/X-nav-worktrees/scrum259-linux-6dafd29/build/xnav-install/share/locale/da/LC_MESSAGES/opencpn.mo
-- Up-to-date: /home/standard/Projects/X-nav-worktrees/scrum259-linux-6dafd29/build/xnav-install/share/locale/de/LC_MESSAGES/opencpn.mo
-- Up-to-date: /home/standard/Projects/X-nav-worktrees/scrum259-linux-6dafd29/build/xnav-install/share/locale/es/LC_MESSAGES/opencpn.mo
-- Up-to-date: /home/standard/Projects/X-nav-worktrees/scrum259-linux-6dafd29/build/xnav-install/share/locale/fr/LC_MESSAGES/opencpn.mo
-- Up-to-date: /home/standard/Projects/X-nav-worktrees/scrum259-linux-6dafd29/build/xnav-install/share/locale/it/LC_MESSAGES/opencpn.mo
-- Up-to-date: /home/standard/Projects/X-nav-worktrees/scrum259-linux-6dafd29/build/xnav-install/share/locale/nl/LC_MESSAGES/opencpn.mo
-- Up-to-date: /home/standard/Projects/X-nav-worktrees/scrum259-linux-6dafd29/build/xnav-install/share/locale/pl/LC_MESSAGES/opencpn.mo
-- Up-to-date: /home/standard/Projects/X-nav-worktrees/scrum259-linux-6dafd29/build/xnav-install/share/locale/ru/LC_MESSAGES/opencpn.mo
-- Up-to-date: /home/standard/Projects/X-nav-worktrees/scrum259-linux-6dafd29/build/xnav-install/share/locale/sv/LC_MESSAGES/opencpn.mo
-- Up-to-date: /home/standard/Projects/X-nav-worktrees/scrum259-linux-6dafd29/build/xnav-install/share/locale/et/LC_MESSAGES/opencpn.mo
-- Up-to-date: /home/standard/Projects/X-nav-worktrees/scrum259-linux-6dafd29/build/xnav-install/share/locale/pt_PT/LC_MESSAGES/opencpn.mo
-- Up-to-date: /home/standard/Projects/X-nav-worktrees/scrum259-linux-6dafd29/build/xnav-install/share/locale/pt_BR/LC_MESSAGES/opencpn.mo
-- Up-to-date: /home/standard/Projects/X-nav-worktrees/scrum259-linux-6dafd29/build/xnav-install/share/locale/nb_NO/LC_MESSAGES/opencpn.mo
-- Up-to-date: /home/standard/Projects/X-nav-worktrees/scrum259-linux-6dafd29/build/xnav-install/share/locale/tr_TR/LC_MESSAGES/opencpn.mo
-- Up-to-date: /home/standard/Projects/X-nav-worktrees/scrum259-linux-6dafd29/build/xnav-install/share/locale/fi_FI/LC_MESSAGES/opencpn.mo
-- Up-to-date: /home/standard/Projects/X-nav-worktrees/scrum259-linux-6dafd29/build/xnav-install/share/locale/el_GR/LC_MESSAGES/opencpn.mo
-- Up-to-date: /home/standard/Projects/X-nav-worktrees/scrum259-linux-6dafd29/build/xnav-install/share/locale/zh_TW/LC_MESSAGES/opencpn.mo
-- Up-to-date: /home/standard/Projects/X-nav-worktrees/scrum259-linux-6dafd29/build/xnav-install/share/locale/zh_CN/LC_MESSAGES/opencpn.mo
-- Up-to-date: /home/standard/Projects/X-nav-worktrees/scrum259-linux-6dafd29/build/xnav-install/share/locale/hu_HU/LC_MESSAGES/opencpn.mo
-- Up-to-date: /home/standard/Projects/X-nav-worktrees/scrum259-linux-6dafd29/build/xnav-install/share/locale/gl_ES/LC_MESSAGES/opencpn.mo
-- Up-to-date: /home/standard/Projects/X-nav-worktrees/scrum259-linux-6dafd29/build/xnav-install/share/locale/ca_ES/LC_MESSAGES/opencpn.mo
-- Up-to-date: /home/standard/Projects/X-nav-worktrees/scrum259-linux-6dafd29/build/xnav-install/share/locale/ar_SA/LC_MESSAGES/opencpn.mo
-- Up-to-date: /home/standard/Projects/X-nav-worktrees/scrum259-linux-6dafd29/build/xnav-install/share/locale/ja_JP/LC_MESSAGES/opencpn.mo
-- Up-to-date: /home/standard/Projects/X-nav-worktrees/scrum259-linux-6dafd29/build/xnav-install/share/locale/vi_VN/LC_MESSAGES/opencpn.mo
-- Up-to-date: /home/standard/Projects/X-nav-worktrees/scrum259-linux-6dafd29/build/xnav-install/share/locale/he_IL/LC_MESSAGES/opencpn.mo
-- Up-to-date: /home/standard/Projects/X-nav-worktrees/scrum259-linux-6dafd29/build/xnav-install/share/locale/en_GB/LC_MESSAGES/opencpn.mo
-- Installing: /home/standard/Projects/X-nav-worktrees/scrum259-linux-6dafd29/build/xnav-install/lib/opencpn/libchartdldr_pi.so
-- Set non-toolchain portion of runtime path of "/home/standard/Projects/X-nav-worktrees/scrum259-linux-6dafd29/build/xnav-install/lib/opencpn/libchartdldr_pi.so" to ""
-- Up-to-date: /home/standard/Projects/X-nav-worktrees/scrum259-linux-6dafd29/build/xnav-install/share/opencpn/plugins/chartdldr_pi/data
-- Up-to-date: /home/standard/Projects/X-nav-worktrees/scrum259-linux-6dafd29/build/xnav-install/share/opencpn/plugins/chartdldr_pi/data/button_down.png
-- Up-to-date: /home/standard/Projects/X-nav-worktrees/scrum259-linux-6dafd29/build/xnav-install/share/opencpn/plugins/chartdldr_pi/data/button_right.png
-- Up-to-date: /home/standard/Projects/X-nav-worktrees/scrum259-linux-6dafd29/build/xnav-install/share/opencpn/plugins/chartdldr_pi/data/chart_sources.xml
-- Up-to-date: /home/standard/Projects/X-nav-worktrees/scrum259-linux-6dafd29/build/xnav-install/share/opencpn/plugins/chartdldr_pi/data/file.png
-- Up-to-date: /home/standard/Projects/X-nav-worktrees/scrum259-linux-6dafd29/build/xnav-install/share/opencpn/plugins/chartdldr_pi/data/folder.png
-- Up-to-date: /home/standard/Projects/X-nav-worktrees/scrum259-linux-6dafd29/build/xnav-install/share/opencpn/plugins/chartdldr_pi/data/folder215.png
-- Up-to-date: /home/standard/Projects/X-nav-worktrees/scrum259-linux-6dafd29/build/xnav-install/share/opencpn/plugins/chartdldr_pi/data/open182.png
-- Up-to-date: /home/standard/Projects/X-nav-worktrees/scrum259-linux-6dafd29/build/xnav-install/share/locale/ar_SA/LC_MESSAGES/opencpn-chartdldr_pi.mo
-- Up-to-date: /home/standard/Projects/X-nav-worktrees/scrum259-linux-6dafd29/build/xnav-install/share/locale/bg_BG/LC_MESSAGES/opencpn-chartdldr_pi.mo
-- Up-to-date: /home/standard/Projects/X-nav-worktrees/scrum259-linux-6dafd29/build/xnav-install/share/locale/ca_ES/LC_MESSAGES/opencpn-chartdldr_pi.mo
-- Up-to-date: /home/standard/Projects/X-nav-worktrees/scrum259-linux-6dafd29/build/xnav-install/share/locale/cs_CZ/LC_MESSAGES/opencpn-chartdldr_pi.mo
-- Up-to-date: /home/standard/Projects/X-nav-worktrees/scrum259-linux-6dafd29/build/xnav-install/share/locale/da_DK/LC_MESSAGES/opencpn-chartdldr_pi.mo
-- Up-to-date: /home/standard/Projects/X-nav-worktrees/scrum259-linux-6dafd29/build/xnav-install/share/locale/de_DE/LC_MESSAGES/opencpn-chartdldr_pi.mo
-- Up-to-date: /home/standard/Projects/X-nav-worktrees/scrum259-linux-6dafd29/build/xnav-install/share/locale/el_GR/LC_MESSAGES/opencpn-chartdldr_pi.mo
-- Up-to-date: /home/standard/Projects/X-nav-worktrees/scrum259-linux-6dafd29/build/xnav-install/share/locale/en_GB/LC_MESSAGES/opencpn-chartdldr_pi.mo
-- Up-to-date: /home/standard/Projects/X-nav-worktrees/scrum259-linux-6dafd29/build/xnav-install/share/locale/es_ES/LC_MESSAGES/opencpn-chartdldr_pi.mo
-- Up-to-date: /home/standard/Projects/X-nav-worktrees/scrum259-linux-6dafd29/build/xnav-install/share/locale/et_EE/LC_MESSAGES/opencpn-chartdldr_pi.mo
-- Up-to-date: /home/standard/Projects/X-nav-worktrees/scrum259-linux-6dafd29/build/xnav-install/share/locale/fi_FI/LC_MESSAGES/opencpn-chartdldr_pi.mo
-- Up-to-date: /home/standard/Projects/X-nav-worktrees/scrum259-linux-6dafd29/build/xnav-install/share/locale/fil_PH/LC_MESSAGES/opencpn-chartdldr_pi.mo
-- Up-to-date: /home/standard/Projects/X-nav-worktrees/scrum259-linux-6dafd29/build/xnav-install/share/locale/fr_FR/LC_MESSAGES/opencpn-chartdldr_pi.mo
-- Up-to-date: /home/standard/Projects/X-nav-worktrees/scrum259-linux-6dafd29/build/xnav-install/share/locale/gl_ES/LC_MESSAGES/opencpn-chartdldr_pi.mo
-- Up-to-date: /home/standard/Projects/X-nav-worktrees/scrum259-linux-6dafd29/build/xnav-install/share/locale/he_IL/LC_MESSAGES/opencpn-chartdldr_pi.mo
-- Up-to-date: /home/standard/Projects/X-nav-worktrees/scrum259-linux-6dafd29/build/xnav-install/share/locale/hi_IN/LC_MESSAGES/opencpn-chartdldr_pi.mo
-- Up-to-date: /home/standard/Projects/X-nav-worktrees/scrum259-linux-6dafd29/build/xnav-install/share/locale/hu_HU/LC_MESSAGES/opencpn-chartdldr_pi.mo
-- Up-to-date: /home/standard/Projects/X-nav-worktrees/scrum259-linux-6dafd29/build/xnav-install/share/locale/id_ID/LC_MESSAGES/opencpn-chartdldr_pi.mo
-- Up-to-date: /home/standard/Projects/X-nav-worktrees/scrum259-linux-6dafd29/build/xnav-install/share/locale/is_IS/LC_MESSAGES/opencpn-chartdldr_pi.mo
-- Up-to-date: /home/standard/Projects/X-nav-worktrees/scrum259-linux-6dafd29/build/xnav-install/share/locale/it_IT/LC_MESSAGES/opencpn-chartdldr_pi.mo
-- Up-to-date: /home/standard/Projects/X-nav-worktrees/scrum259-linux-6dafd29/build/xnav-install/share/locale/ja_JP/LC_MESSAGES/opencpn-chartdldr_pi.mo
-- Up-to-date: /home/standard/Projects/X-nav-worktrees/scrum259-linux-6dafd29/build/xnav-install/share/locale/ko_KR/LC_MESSAGES/opencpn-chartdldr_pi.mo
-- Up-to-date: /home/standard/Projects/X-nav-worktrees/scrum259-linux-6dafd29/build/xnav-install/share/locale/mr_IN/LC_MESSAGES/opencpn-chartdldr_pi.mo
-- Up-to-date: /home/standard/Projects/X-nav-worktrees/scrum259-linux-6dafd29/build/xnav-install/share/locale/nb_NO/LC_MESSAGES/opencpn-chartdldr_pi.mo
-- Up-to-date: /home/standard/Projects/X-nav-worktrees/scrum259-linux-6dafd29/build/xnav-install/share/locale/nl_NL/LC_MESSAGES/opencpn-chartdldr_pi.mo
-- Up-to-date: /home/standard/Projects/X-nav-worktrees/scrum259-linux-6dafd29/build/xnav-install/share/locale/pl_PL/LC_MESSAGES/opencpn-chartdldr_pi.mo
-- Up-to-date: /home/standard/Projects/X-nav-worktrees/scrum259-linux-6dafd29/build/xnav-install/share/locale/pt_BR/LC_MESSAGES/opencpn-chartdldr_pi.mo
-- Up-to-date: /home/standard/Projects/X-nav-worktrees/scrum259-linux-6dafd29/build/xnav-install/share/locale/pt_PT/LC_MESSAGES/opencpn-chartdldr_pi.mo
-- Up-to-date: /home/standard/Projects/X-nav-worktrees/scrum259-linux-6dafd29/build/xnav-install/share/locale/ro_RO/LC_MESSAGES/opencpn-chartdldr_pi.mo
-- Up-to-date: /home/standard/Projects/X-nav-worktrees/scrum259-linux-6dafd29/build/xnav-install/share/locale/ru_RU/LC_MESSAGES/opencpn-chartdldr_pi.mo
-- Up-to-date: /home/standard/Projects/X-nav-worktrees/scrum259-linux-6dafd29/build/xnav-install/share/locale/sv_SE/LC_MESSAGES/opencpn-chartdldr_pi.mo
-- Up-to-date: /home/standard/Projects/X-nav-worktrees/scrum259-linux-6dafd29/build/xnav-install/share/locale/th_TH/LC_MESSAGES/opencpn-chartdldr_pi.mo
-- Up-to-date: /home/standard/Projects/X-nav-worktrees/scrum259-linux-6dafd29/build/xnav-install/share/locale/tr_TR/LC_MESSAGES/opencpn-chartdldr_pi.mo
-- Up-to-date: /home/standard/Projects/X-nav-worktrees/scrum259-linux-6dafd29/build/xnav-install/share/locale/vi_VN/LC_MESSAGES/opencpn-chartdldr_pi.mo
-- Up-to-date: /home/standard/Projects/X-nav-worktrees/scrum259-linux-6dafd29/build/xnav-install/share/locale/zh_CN/LC_MESSAGES/opencpn-chartdldr_pi.mo
-- Up-to-date: /home/standard/Projects/X-nav-worktrees/scrum259-linux-6dafd29/build/xnav-install/share/locale/zh_TW/LC_MESSAGES/opencpn-chartdldr_pi.mo
-- Installing: /home/standard/Projects/X-nav-worktrees/scrum259-linux-6dafd29/build/xnav-install/lib/opencpn/libdashboard_pi.so
-- Set non-toolchain portion of runtime path of "/home/standard/Projects/X-nav-worktrees/scrum259-linux-6dafd29/build/xnav-install/lib/opencpn/libdashboard_pi.so" to ""
-- Up-to-date: /home/standard/Projects/X-nav-worktrees/scrum259-linux-6dafd29/build/xnav-install/share/opencpn/plugins/dashboard_pi/data
-- Up-to-date: /home/standard/Projects/X-nav-worktrees/scrum259-linux-6dafd29/build/xnav-install/share/opencpn/plugins/dashboard_pi/data/Dashboard.svg
-- Up-to-date: /home/standard/Projects/X-nav-worktrees/scrum259-linux-6dafd29/build/xnav-install/share/opencpn/plugins/dashboard_pi/data/Dashboard_rollover.svg
-- Up-to-date: /home/standard/Projects/X-nav-worktrees/scrum259-linux-6dafd29/build/xnav-install/share/opencpn/plugins/dashboard_pi/data/Dashboard_toggled.svg
-- Up-to-date: /home/standard/Projects/X-nav-worktrees/scrum259-linux-6dafd29/build/xnav-install/share/opencpn/plugins/dashboard_pi/data/dashboard_pi.svg
-- Up-to-date: /home/standard/Projects/X-nav-worktrees/scrum259-linux-6dafd29/build/xnav-install/share/opencpn/plugins/dashboard_pi/data/dial.svg
-- Up-to-date: /home/standard/Projects/X-nav-worktrees/scrum259-linux-6dafd29/build/xnav-install/share/opencpn/plugins/dashboard_pi/data/instrument.svg
-- Up-to-date: /home/standard/Projects/X-nav-worktrees/scrum259-linux-6dafd29/build/xnav-install/share/opencpn/plugins/dashboard_pi/data/minus.svg
-- Up-to-date: /home/standard/Projects/X-nav-worktrees/scrum259-linux-6dafd29/build/xnav-install/share/opencpn/plugins/dashboard_pi/data/plus.svg
-- Up-to-date: /home/standard/Projects/X-nav-worktrees/scrum259-linux-6dafd29/build/xnav-install/share/locale/ar_SA/LC_MESSAGES/opencpn-dashboard_pi.mo
-- Up-to-date: /home/standard/Projects/X-nav-worktrees/scrum259-linux-6dafd29/build/xnav-install/share/locale/bg_BG/LC_MESSAGES/opencpn-dashboard_pi.mo
-- Up-to-date: /home/standard/Projects/X-nav-worktrees/scrum259-linux-6dafd29/build/xnav-install/share/locale/ca_ES/LC_MESSAGES/opencpn-dashboard_pi.mo
-- Up-to-date: /home/standard/Projects/X-nav-worktrees/scrum259-linux-6dafd29/build/xnav-install/share/locale/cs_CZ/LC_MESSAGES/opencpn-dashboard_pi.mo
-- Up-to-date: /home/standard/Projects/X-nav-worktrees/scrum259-linux-6dafd29/build/xnav-install/share/locale/da_DK/LC_MESSAGES/opencpn-dashboard_pi.mo
-- Up-to-date: /home/standard/Projects/X-nav-worktrees/scrum259-linux-6dafd29/build/xnav-install/share/locale/de_DE/LC_MESSAGES/opencpn-dashboard_pi.mo
-- Up-to-date: /home/standard/Projects/X-nav-worktrees/scrum259-linux-6dafd29/build/xnav-install/share/locale/el_GR/LC_MESSAGES/opencpn-dashboard_pi.mo
-- Up-to-date: /home/standard/Projects/X-nav-worktrees/scrum259-linux-6dafd29/build/xnav-install/share/locale/en_GB/LC_MESSAGES/opencpn-dashboard_pi.mo
-- Up-to-date: /home/standard/Projects/X-nav-worktrees/scrum259-linux-6dafd29/build/xnav-install/share/locale/es_ES/LC_MESSAGES/opencpn-dashboard_pi.mo
-- Up-to-date: /home/standard/Projects/X-nav-worktrees/scrum259-linux-6dafd29/build/xnav-install/share/locale/et_EE/LC_MESSAGES/opencpn-dashboard_pi.mo
-- Up-to-date: /home/standard/Projects/X-nav-worktrees/scrum259-linux-6dafd29/build/xnav-install/share/locale/fi_FI/LC_MESSAGES/opencpn-dashboard_pi.mo
-- Up-to-date: /home/standard/Projects/X-nav-worktrees/scrum259-linux-6dafd29/build/xnav-install/share/locale/fil_PH/LC_MESSAGES/opencpn-dashboard_pi.mo
-- Up-to-date: /home/standard/Projects/X-nav-worktrees/scrum259-linux-6dafd29/build/xnav-install/share/locale/fr_FR/LC_MESSAGES/opencpn-dashboard_pi.mo
-- Up-to-date: /home/standard/Projects/X-nav-worktrees/scrum259-linux-6dafd29/build/xnav-install/share/locale/gl_ES/LC_MESSAGES/opencpn-dashboard_pi.mo
-- Up-to-date: /home/standard/Projects/X-nav-worktrees/scrum259-linux-6dafd29/build/xnav-install/share/locale/he_IL/LC_MESSAGES/opencpn-dashboard_pi.mo
-- Up-to-date: /home/standard/Projects/X-nav-worktrees/scrum259-linux-6dafd29/build/xnav-install/share/locale/hi_IN/LC_MESSAGES/opencpn-dashboard_pi.mo
-- Up-to-date: /home/standard/Projects/X-nav-worktrees/scrum259-linux-6dafd29/build/xnav-install/share/locale/hu_HU/LC_MESSAGES/opencpn-dashboard_pi.mo
-- Up-to-date: /home/standard/Projects/X-nav-worktrees/scrum259-linux-6dafd29/build/xnav-install/share/locale/id_ID/LC_MESSAGES/opencpn-dashboard_pi.mo
-- Up-to-date: /home/standard/Projects/X-nav-worktrees/scrum259-linux-6dafd29/build/xnav-install/share/locale/is_IS/LC_MESSAGES/opencpn-dashboard_pi.mo
-- Up-to-date: /home/standard/Projects/X-nav-worktrees/scrum259-linux-6dafd29/build/xnav-install/share/locale/it_IT/LC_MESSAGES/opencpn-dashboard_pi.mo
-- Up-to-date: /home/standard/Projects/X-nav-worktrees/scrum259-linux-6dafd29/build/xnav-install/share/locale/ja_JP/LC_MESSAGES/opencpn-dashboard_pi.mo
-- Up-to-date: /home/standard/Projects/X-nav-worktrees/scrum259-linux-6dafd29/build/xnav-install/share/locale/ko_KR/LC_MESSAGES/opencpn-dashboard_pi.mo
-- Up-to-date: /home/standard/Projects/X-nav-worktrees/scrum259-linux-6dafd29/build/xnav-install/share/locale/mr_IN/LC_MESSAGES/opencpn-dashboard_pi.mo
-- Up-to-date: /home/standard/Projects/X-nav-worktrees/scrum259-linux-6dafd29/build/xnav-install/share/locale/nb_NO/LC_MESSAGES/opencpn-dashboard_pi.mo
-- Up-to-date: /home/standard/Projects/X-nav-worktrees/scrum259-linux-6dafd29/build/xnav-install/share/locale/nl_NL/LC_MESSAGES/opencpn-dashboard_pi.mo
-- Up-to-date: /home/standard/Projects/X-nav-worktrees/scrum259-linux-6dafd29/build/xnav-install/share/locale/pl_PL/LC_MESSAGES/opencpn-dashboard_pi.mo
-- Up-to-date: /home/standard/Projects/X-nav-worktrees/scrum259-linux-6dafd29/build/xnav-install/share/locale/pt_BR/LC_MESSAGES/opencpn-dashboard_pi.mo
-- Up-to-date: /home/standard/Projects/X-nav-worktrees/scrum259-linux-6dafd29/build/xnav-install/share/locale/pt_PT/LC_MESSAGES/opencpn-dashboard_pi.mo
-- Up-to-date: /home/standard/Projects/X-nav-worktrees/scrum259-linux-6dafd29/build/xnav-install/share/locale/ro_RO/LC_MESSAGES/opencpn-dashboard_pi.mo
-- Up-to-date: /home/standard/Projects/X-nav-worktrees/scrum259-linux-6dafd29/build/xnav-install/share/locale/ru_RU/LC_MESSAGES/opencpn-dashboard_pi.mo
-- Up-to-date: /home/standard/Projects/X-nav-worktrees/scrum259-linux-6dafd29/build/xnav-install/share/locale/sv_SE/LC_MESSAGES/opencpn-dashboard_pi.mo
-- Up-to-date: /home/standard/Projects/X-nav-worktrees/scrum259-linux-6dafd29/build/xnav-install/share/locale/th_TH/LC_MESSAGES/opencpn-dashboard_pi.mo
-- Up-to-date: /home/standard/Projects/X-nav-worktrees/scrum259-linux-6dafd29/build/xnav-install/share/locale/tr_TR/LC_MESSAGES/opencpn-dashboard_pi.mo
-- Up-to-date: /home/standard/Projects/X-nav-worktrees/scrum259-linux-6dafd29/build/xnav-install/share/locale/vi_VN/LC_MESSAGES/opencpn-dashboard_pi.mo
-- Up-to-date: /home/standard/Projects/X-nav-worktrees/scrum259-linux-6dafd29/build/xnav-install/share/locale/zh_CN/LC_MESSAGES/opencpn-dashboard_pi.mo
-- Up-to-date: /home/standard/Projects/X-nav-worktrees/scrum259-linux-6dafd29/build/xnav-install/share/locale/zh_TW/LC_MESSAGES/opencpn-dashboard_pi.mo
-- Installing: /home/standard/Projects/X-nav-worktrees/scrum259-linux-6dafd29/build/xnav-install/lib/opencpn/libgrib_pi.so
-- Set non-toolchain portion of runtime path of "/home/standard/Projects/X-nav-worktrees/scrum259-linux-6dafd29/build/xnav-install/lib/opencpn/libgrib_pi.so" to ""
-- Up-to-date: /home/standard/Projects/X-nav-worktrees/scrum259-linux-6dafd29/build/xnav-install/share/opencpn/plugins/grib_pi/data
-- Up-to-date: /home/standard/Projects/X-nav-worktrees/scrum259-linux-6dafd29/build/xnav-install/share/opencpn/plugins/grib_pi/data/altitude.svg
-- Up-to-date: /home/standard/Projects/X-nav-worktrees/scrum259-linux-6dafd29/build/xnav-install/share/opencpn/plugins/grib_pi/data/curdata.svg
-- Up-to-date: /home/standard/Projects/X-nav-worktrees/scrum259-linux-6dafd29/build/xnav-install/share/opencpn/plugins/grib_pi/data/grib.svg
-- Up-to-date: /home/standard/Projects/X-nav-worktrees/scrum259-linux-6dafd29/build/xnav-install/share/opencpn/plugins/grib_pi/data/grib_panel_icon.png
-- Up-to-date: /home/standard/Projects/X-nav-worktrees/scrum259-linux-6dafd29/build/xnav-install/share/opencpn/plugins/grib_pi/data/grib_rollover.svg
-- Up-to-date: /home/standard/Projects/X-nav-worktrees/scrum259-linux-6dafd29/build/xnav-install/share/opencpn/plugins/grib_pi/data/grib_toggled.svg
-- Up-to-date: /home/standard/Projects/X-nav-worktrees/scrum259-linux-6dafd29/build/xnav-install/share/opencpn/plugins/grib_pi/data/ncurdata.svg
-- Up-to-date: /home/standard/Projects/X-nav-worktrees/scrum259-linux-6dafd29/build/xnav-install/share/opencpn/plugins/grib_pi/data/next.svg
-- Up-to-date: /home/standard/Projects/X-nav-worktrees/scrum259-linux-6dafd29/build/xnav-install/share/opencpn/plugins/grib_pi/data/now.svg
-- Up-to-date: /home/standard/Projects/X-nav-worktrees/scrum259-linux-6dafd29/build/xnav-install/share/opencpn/plugins/grib_pi/data/openfile.svg
-- Up-to-date: /home/standard/Projects/X-nav-worktrees/scrum259-linux-6dafd29/build/xnav-install/share/opencpn/plugins/grib_pi/data/play.svg
-- Up-to-date: /home/standard/Projects/X-nav-worktrees/scrum259-linux-6dafd29/build/xnav-install/share/opencpn/plugins/grib_pi/data/prev.svg
-- Up-to-date: /home/standard/Projects/X-nav-worktrees/scrum259-linux-6dafd29/build/xnav-install/share/opencpn/plugins/grib_pi/data/request.svg
-- Up-to-date: /home/standard/Projects/X-nav-worktrees/scrum259-linux-6dafd29/build/xnav-install/share/opencpn/plugins/grib_pi/data/request_end.svg
-- Up-to-date: /home/standard/Projects/X-nav-worktrees/scrum259-linux-6dafd29/build/xnav-install/share/opencpn/plugins/grib_pi/data/selzone.svg
-- Up-to-date: /home/standard/Projects/X-nav-worktrees/scrum259-linux-6dafd29/build/xnav-install/share/opencpn/plugins/grib_pi/data/setting.svg
-- Up-to-date: /home/standard/Projects/X-nav-worktrees/scrum259-linux-6dafd29/build/xnav-install/share/opencpn/plugins/grib_pi/data/slider.svg
-- Up-to-date: /home/standard/Projects/X-nav-worktrees/scrum259-linux-6dafd29/build/xnav-install/share/opencpn/plugins/grib_pi/data/sources.json
-- Up-to-date: /home/standard/Projects/X-nav-worktrees/scrum259-linux-6dafd29/build/xnav-install/share/opencpn/plugins/grib_pi/data/stop.svg
-- Up-to-date: /home/standard/Projects/X-nav-worktrees/scrum259-linux-6dafd29/build/xnav-install/share/opencpn/plugins/grib_pi/data/zoomto.svg
-- Up-to-date: /home/standard/Projects/X-nav-worktrees/scrum259-linux-6dafd29/build/xnav-install/share/locale/ar_SA/LC_MESSAGES/opencpn-grib_pi.mo
-- Up-to-date: /home/standard/Projects/X-nav-worktrees/scrum259-linux-6dafd29/build/xnav-install/share/locale/bg_BG/LC_MESSAGES/opencpn-grib_pi.mo
-- Up-to-date: /home/standard/Projects/X-nav-worktrees/scrum259-linux-6dafd29/build/xnav-install/share/locale/ca_ES/LC_MESSAGES/opencpn-grib_pi.mo
-- Up-to-date: /home/standard/Projects/X-nav-worktrees/scrum259-linux-6dafd29/build/xnav-install/share/locale/cs_CZ/LC_MESSAGES/opencpn-grib_pi.mo
-- Up-to-date: /home/standard/Projects/X-nav-worktrees/scrum259-linux-6dafd29/build/xnav-install/share/locale/da_DK/LC_MESSAGES/opencpn-grib_pi.mo
-- Up-to-date: /home/standard/Projects/X-nav-worktrees/scrum259-linux-6dafd29/build/xnav-install/share/locale/de_DE/LC_MESSAGES/opencpn-grib_pi.mo
-- Up-to-date: /home/standard/Projects/X-nav-worktrees/scrum259-linux-6dafd29/build/xnav-install/share/locale/el_GR/LC_MESSAGES/opencpn-grib_pi.mo
-- Up-to-date: /home/standard/Projects/X-nav-worktrees/scrum259-linux-6dafd29/build/xnav-install/share/locale/en_GB/LC_MESSAGES/opencpn-grib_pi.mo
-- Up-to-date: /home/standard/Projects/X-nav-worktrees/scrum259-linux-6dafd29/build/xnav-install/share/locale/es_ES/LC_MESSAGES/opencpn-grib_pi.mo
-- Up-to-date: /home/standard/Projects/X-nav-worktrees/scrum259-linux-6dafd29/build/xnav-install/share/locale/et_EE/LC_MESSAGES/opencpn-grib_pi.mo
-- Up-to-date: /home/standard/Projects/X-nav-worktrees/scrum259-linux-6dafd29/build/xnav-install/share/locale/fi_FI/LC_MESSAGES/opencpn-grib_pi.mo
-- Up-to-date: /home/standard/Projects/X-nav-worktrees/scrum259-linux-6dafd29/build/xnav-install/share/locale/fil_PH/LC_MESSAGES/opencpn-grib_pi.mo
-- Up-to-date: /home/standard/Projects/X-nav-worktrees/scrum259-linux-6dafd29/build/xnav-install/share/locale/fr_FR/LC_MESSAGES/opencpn-grib_pi.mo
-- Up-to-date: /home/standard/Projects/X-nav-worktrees/scrum259-linux-6dafd29/build/xnav-install/share/locale/gl_ES/LC_MESSAGES/opencpn-grib_pi.mo
-- Up-to-date: /home/standard/Projects/X-nav-worktrees/scrum259-linux-6dafd29/build/xnav-install/share/locale/he_IL/LC_MESSAGES/opencpn-grib_pi.mo
-- Up-to-date: /home/standard/Projects/X-nav-worktrees/scrum259-linux-6dafd29/build/xnav-install/share/locale/hi_IN/LC_MESSAGES/opencpn-grib_pi.mo
-- Up-to-date: /home/standard/Projects/X-nav-worktrees/scrum259-linux-6dafd29/build/xnav-install/share/locale/hu_HU/LC_MESSAGES/opencpn-grib_pi.mo
-- Up-to-date: /home/standard/Projects/X-nav-worktrees/scrum259-linux-6dafd29/build/xnav-install/share/locale/id_ID/LC_MESSAGES/opencpn-grib_pi.mo
-- Up-to-date: /home/standard/Projects/X-nav-worktrees/scrum259-linux-6dafd29/build/xnav-install/share/locale/is_IS/LC_MESSAGES/opencpn-grib_pi.mo
-- Up-to-date: /home/standard/Projects/X-nav-worktrees/scrum259-linux-6dafd29/build/xnav-install/share/locale/it_IT/LC_MESSAGES/opencpn-grib_pi.mo
-- Up-to-date: /home/standard/Projects/X-nav-worktrees/scrum259-linux-6dafd29/build/xnav-install/share/locale/ja_JP/LC_MESSAGES/opencpn-grib_pi.mo
-- Up-to-date: /home/standard/Projects/X-nav-worktrees/scrum259-linux-6dafd29/build/xnav-install/share/locale/ko_KR/LC_MESSAGES/opencpn-grib_pi.mo
-- Up-to-date: /home/standard/Projects/X-nav-worktrees/scrum259-linux-6dafd29/build/xnav-install/share/locale/mr_IN/LC_MESSAGES/opencpn-grib_pi.mo
-- Up-to-date: /home/standard/Projects/X-nav-worktrees/scrum259-linux-6dafd29/build/xnav-install/share/locale/nb_NO/LC_MESSAGES/opencpn-grib_pi.mo
-- Up-to-date: /home/standard/Projects/X-nav-worktrees/scrum259-linux-6dafd29/build/xnav-install/share/locale/nl_NL/LC_MESSAGES/opencpn-grib_pi.mo
-- Up-to-date: /home/standard/Projects/X-nav-worktrees/scrum259-linux-6dafd29/build/xnav-install/share/locale/pl_PL/LC_MESSAGES/opencpn-grib_pi.mo
-- Up-to-date: /home/standard/Projects/X-nav-worktrees/scrum259-linux-6dafd29/build/xnav-install/share/locale/pt_BR/LC_MESSAGES/opencpn-grib_pi.mo
-- Up-to-date: /home/standard/Projects/X-nav-worktrees/scrum259-linux-6dafd29/build/xnav-install/share/locale/pt_PT/LC_MESSAGES/opencpn-grib_pi.mo
-- Up-to-date: /home/standard/Projects/X-nav-worktrees/scrum259-linux-6dafd29/build/xnav-install/share/locale/ro_RO/LC_MESSAGES/opencpn-grib_pi.mo
-- Up-to-date: /home/standard/Projects/X-nav-worktrees/scrum259-linux-6dafd29/build/xnav-install/share/locale/ru_RU/LC_MESSAGES/opencpn-grib_pi.mo
-- Up-to-date: /home/standard/Projects/X-nav-worktrees/scrum259-linux-6dafd29/build/xnav-install/share/locale/sv_SE/LC_MESSAGES/opencpn-grib_pi.mo
-- Up-to-date: /home/standard/Projects/X-nav-worktrees/scrum259-linux-6dafd29/build/xnav-install/share/locale/th_TH/LC_MESSAGES/opencpn-grib_pi.mo
-- Up-to-date: /home/standard/Projects/X-nav-worktrees/scrum259-linux-6dafd29/build/xnav-install/share/locale/tr_TR/LC_MESSAGES/opencpn-grib_pi.mo
-- Up-to-date: /home/standard/Projects/X-nav-worktrees/scrum259-linux-6dafd29/build/xnav-install/share/locale/vi_VN/LC_MESSAGES/opencpn-grib_pi.mo
-- Up-to-date: /home/standard/Projects/X-nav-worktrees/scrum259-linux-6dafd29/build/xnav-install/share/locale/zh_CN/LC_MESSAGES/opencpn-grib_pi.mo
-- Up-to-date: /home/standard/Projects/X-nav-worktrees/scrum259-linux-6dafd29/build/xnav-install/share/locale/zh_TW/LC_MESSAGES/opencpn-grib_pi.mo
-- Installing: /home/standard/Projects/X-nav-worktrees/scrum259-linux-6dafd29/build/xnav-install/lib/opencpn/libwmm_pi.so
-- Set non-toolchain portion of runtime path of "/home/standard/Projects/X-nav-worktrees/scrum259-linux-6dafd29/build/xnav-install/lib/opencpn/libwmm_pi.so" to ""
-- Up-to-date: /home/standard/Projects/X-nav-worktrees/scrum259-linux-6dafd29/build/xnav-install/share/opencpn/plugins/wmm_pi/data
-- Up-to-date: /home/standard/Projects/X-nav-worktrees/scrum259-linux-6dafd29/build/xnav-install/share/opencpn/plugins/wmm_pi/data/WMM.COF
-- Up-to-date: /home/standard/Projects/X-nav-worktrees/scrum259-linux-6dafd29/build/xnav-install/share/opencpn/plugins/wmm_pi/data/wmm_live.svg
-- Up-to-date: /home/standard/Projects/X-nav-worktrees/scrum259-linux-6dafd29/build/xnav-install/share/opencpn/plugins/wmm_pi/data/wmm_pi.svg
-- Up-to-date: /home/standard/Projects/X-nav-worktrees/scrum259-linux-6dafd29/build/xnav-install/share/locale/ar_SA/LC_MESSAGES/opencpn-wmm_pi.mo
-- Up-to-date: /home/standard/Projects/X-nav-worktrees/scrum259-linux-6dafd29/build/xnav-install/share/locale/bg_BG/LC_MESSAGES/opencpn-wmm_pi.mo
-- Up-to-date: /home/standard/Projects/X-nav-worktrees/scrum259-linux-6dafd29/build/xnav-install/share/locale/ca_ES/LC_MESSAGES/opencpn-wmm_pi.mo
-- Up-to-date: /home/standard/Projects/X-nav-worktrees/scrum259-linux-6dafd29/build/xnav-install/share/locale/cs_CZ/LC_MESSAGES/opencpn-wmm_pi.mo
-- Up-to-date: /home/standard/Projects/X-nav-worktrees/scrum259-linux-6dafd29/build/xnav-install/share/locale/da_DK/LC_MESSAGES/opencpn-wmm_pi.mo
-- Up-to-date: /home/standard/Projects/X-nav-worktrees/scrum259-linux-6dafd29/build/xnav-install/share/locale/de_DE/LC_MESSAGES/opencpn-wmm_pi.mo
-- Up-to-date: /home/standard/Projects/X-nav-worktrees/scrum259-linux-6dafd29/build/xnav-install/share/locale/el_GR/LC_MESSAGES/opencpn-wmm_pi.mo
-- Up-to-date: /home/standard/Projects/X-nav-worktrees/scrum259-linux-6dafd29/build/xnav-install/share/locale/en_GB/LC_MESSAGES/opencpn-wmm_pi.mo
-- Up-to-date: /home/standard/Projects/X-nav-worktrees/scrum259-linux-6dafd29/build/xnav-install/share/locale/es_ES/LC_MESSAGES/opencpn-wmm_pi.mo
-- Up-to-date: /home/standard/Projects/X-nav-worktrees/scrum259-linux-6dafd29/build/xnav-install/share/locale/et_EE/LC_MESSAGES/opencpn-wmm_pi.mo
-- Up-to-date: /home/standard/Projects/X-nav-worktrees/scrum259-linux-6dafd29/build/xnav-install/share/locale/fi_FI/LC_MESSAGES/opencpn-wmm_pi.mo
-- Up-to-date: /home/standard/Projects/X-nav-worktrees/scrum259-linux-6dafd29/build/xnav-install/share/locale/fil_PH/LC_MESSAGES/opencpn-wmm_pi.mo
-- Up-to-date: /home/standard/Projects/X-nav-worktrees/scrum259-linux-6dafd29/build/xnav-install/share/locale/fr_FR/LC_MESSAGES/opencpn-wmm_pi.mo
-- Up-to-date: /home/standard/Projects/X-nav-worktrees/scrum259-linux-6dafd29/build/xnav-install/share/locale/gl_ES/LC_MESSAGES/opencpn-wmm_pi.mo
-- Up-to-date: /home/standard/Projects/X-nav-worktrees/scrum259-linux-6dafd29/build/xnav-install/share/locale/he_IL/LC_MESSAGES/opencpn-wmm_pi.mo
-- Up-to-date: /home/standard/Projects/X-nav-worktrees/scrum259-linux-6dafd29/build/xnav-install/share/locale/hi_IN/LC_MESSAGES/opencpn-wmm_pi.mo
-- Up-to-date: /home/standard/Projects/X-nav-worktrees/scrum259-linux-6dafd29/build/xnav-install/share/locale/hu_HU/LC_MESSAGES/opencpn-wmm_pi.mo
-- Up-to-date: /home/standard/Projects/X-nav-worktrees/scrum259-linux-6dafd29/build/xnav-install/share/locale/id_ID/LC_MESSAGES/opencpn-wmm_pi.mo
-- Up-to-date: /home/standard/Projects/X-nav-worktrees/scrum259-linux-6dafd29/build/xnav-install/share/locale/is_IS/LC_MESSAGES/opencpn-wmm_pi.mo
-- Up-to-date: /home/standard/Projects/X-nav-worktrees/scrum259-linux-6dafd29/build/xnav-install/share/locale/it_IT/LC_MESSAGES/opencpn-wmm_pi.mo
-- Up-to-date: /home/standard/Projects/X-nav-worktrees/scrum259-linux-6dafd29/build/xnav-install/share/locale/ja_JP/LC_MESSAGES/opencpn-wmm_pi.mo
-- Up-to-date: /home/standard/Projects/X-nav-worktrees/scrum259-linux-6dafd29/build/xnav-install/share/locale/ko_KR/LC_MESSAGES/opencpn-wmm_pi.mo
-- Up-to-date: /home/standard/Projects/X-nav-worktrees/scrum259-linux-6dafd29/build/xnav-install/share/locale/mr_IN/LC_MESSAGES/opencpn-wmm_pi.mo
-- Up-to-date: /home/standard/Projects/X-nav-worktrees/scrum259-linux-6dafd29/build/xnav-install/share/locale/nb_NO/LC_MESSAGES/opencpn-wmm_pi.mo
-- Up-to-date: /home/standard/Projects/X-nav-worktrees/scrum259-linux-6dafd29/build/xnav-install/share/locale/nl_NL/LC_MESSAGES/opencpn-wmm_pi.mo
-- Up-to-date: /home/standard/Projects/X-nav-worktrees/scrum259-linux-6dafd29/build/xnav-install/share/locale/pl_PL/LC_MESSAGES/opencpn-wmm_pi.mo
-- Up-to-date: /home/standard/Projects/X-nav-worktrees/scrum259-linux-6dafd29/build/xnav-install/share/locale/pt_BR/LC_MESSAGES/opencpn-wmm_pi.mo
-- Up-to-date: /home/standard/Projects/X-nav-worktrees/scrum259-linux-6dafd29/build/xnav-install/share/locale/pt_PT/LC_MESSAGES/opencpn-wmm_pi.mo
-- Up-to-date: /home/standard/Projects/X-nav-worktrees/scrum259-linux-6dafd29/build/xnav-install/share/locale/ro_RO/LC_MESSAGES/opencpn-wmm_pi.mo
-- Up-to-date: /home/standard/Projects/X-nav-worktrees/scrum259-linux-6dafd29/build/xnav-install/share/locale/ru_RU/LC_MESSAGES/opencpn-wmm_pi.mo
-- Up-to-date: /home/standard/Projects/X-nav-worktrees/scrum259-linux-6dafd29/build/xnav-install/share/locale/sv_SE/LC_MESSAGES/opencpn-wmm_pi.mo
-- Up-to-date: /home/standard/Projects/X-nav-worktrees/scrum259-linux-6dafd29/build/xnav-install/share/locale/th_TH/LC_MESSAGES/opencpn-wmm_pi.mo
-- Up-to-date: /home/standard/Projects/X-nav-worktrees/scrum259-linux-6dafd29/build/xnav-install/share/locale/tr_TR/LC_MESSAGES/opencpn-wmm_pi.mo
-- Up-to-date: /home/standard/Projects/X-nav-worktrees/scrum259-linux-6dafd29/build/xnav-install/share/locale/vi_VN/LC_MESSAGES/opencpn-wmm_pi.mo
-- Up-to-date: /home/standard/Projects/X-nav-worktrees/scrum259-linux-6dafd29/build/xnav-install/share/locale/zh_CN/LC_MESSAGES/opencpn-wmm_pi.mo
-- Up-to-date: /home/standard/Projects/X-nav-worktrees/scrum259-linux-6dafd29/build/xnav-install/share/locale/zh_TW/LC_MESSAGES/opencpn-wmm_pi.mo
-- Installing: /home/standard/Projects/X-nav-worktrees/scrum259-linux-6dafd29/build/xnav-install/bin/opencpn-cmd
-- Set non-toolchain portion of runtime path of "/home/standard/Projects/X-nav-worktrees/scrum259-linux-6dafd29/build/xnav-install/bin/opencpn-cmd" to ""
-- Up-to-date: /home/standard/Projects/X-nav-worktrees/scrum259-linux-6dafd29/build/xnav-install/bin/opencpn-glutil
-- Installing: /home/standard/Projects/X-nav-worktrees/scrum259-linux-6dafd29/build/xnav-install/share/opencpn/opennav/chart-style/v1/chartsymbols.xml
-- Up-to-date: /home/standard/Projects/X-nav-worktrees/scrum259-linux-6dafd29/build/xnav-install/share/opencpn/opennav/chart-style/v1/S52RAZDS.RLE
-- Installing: /home/standard/Projects/X-nav-worktrees/scrum259-linux-6dafd29/build/xnav-install/share/opencpn/opennav/chart-style/v1/rastersymbols-day.png
-- Installing: /home/standard/Projects/X-nav-worktrees/scrum259-linux-6dafd29/build/xnav-install/share/opencpn/opennav/chart-style/v1/rastersymbols-dusk.png
-- Installing: /home/standard/Projects/X-nav-worktrees/scrum259-linux-6dafd29/build/xnav-install/share/opencpn/opennav/chart-style/v1/rastersymbols-dark.png
-- Installing: /home/standard/Projects/X-nav-worktrees/scrum259-linux-6dafd29/build/xnav-install/share/opencpn/opennav/chart-style/v1/manifest.json
Test project /home/standard/Projects/X-nav-worktrees/scrum259-linux-6dafd29/build/xnav-linux/test
        Start   1: DateTimeFormatTest.LMTTimeZoneOneHourEast
  1/147 Test   #1: DateTimeFormatTest.LMTTimeZoneOneHourEast ........................................   Passed    0.08 sec
        Start   2: DateTimeFormatTest.LMTTimeZone30MinEast
  2/147 Test   #2: DateTimeFormatTest.LMTTimeZone30MinEast ..........................................   Passed    0.08 sec
        Start   3: DateTimeFormatTest.LMTTimeZoneWest
  3/147 Test   #3: DateTimeFormatTest.LMTTimeZoneWest ...............................................   Passed    0.09 sec
        Start   4: DateTimeFormatTest.CustomFormatStringEnUS
  4/147 Test   #4: DateTimeFormatTest.CustomFormatStringEnUS ........................................   Passed    0.08 sec
        Start   5: DateTimeFormatTest.CustomFormatStringUTC
  5/147 Test   #5: DateTimeFormatTest.CustomFormatStringUTC .........................................   Passed    0.08 sec
        Start   6: DateTimeFormatTest.CustomFormatStringEST
  6/147 Test   #6: DateTimeFormatTest.CustomFormatStringEST .........................................   Passed    0.09 sec
        Start   7: DateTimeFormatTest.CustomTimeZone
  7/147 Test   #7: DateTimeFormatTest.CustomTimeZone ................................................   Passed    0.08 sec
        Start   8: DateTimeFormatTest.ShowTimezoneTrue
  8/147 Test   #8: DateTimeFormatTest.ShowTimezoneTrue ..............................................   Passed    0.09 sec
        Start   9: DateTimeFormatTest.ShowTimezoneFalse
  9/147 Test   #9: DateTimeFormatTest.ShowTimezoneFalse .............................................   Passed    0.09 sec
        Start  10: DateTimeFormatTest.ShowTimezoneDefault
 10/147 Test  #10: DateTimeFormatTest.ShowTimezoneDefault ...........................................   Passed    0.08 sec
        Start  11: DateTimeFormatTest.LocalTimezoneEST
 11/147 Test  #11: DateTimeFormatTest.LocalTimezoneEST ..............................................   Passed    0.08 sec
        Start  12: DateTimeFormatTest.LocalTimezoneCETSwedish
 12/147 Test  #12: DateTimeFormatTest.LocalTimezoneCETSwedish .......................................   Passed    0.10 sec
        Start  13: MsgFixture.ObservableMsg
 13/147 Test  #13: MsgFixture.ObservableMsg .........................................................   Passed    0.13 sec
        Start  14: Messaging.NavMsg
 14/147 Test  #14: Messaging.NavMsg .................................................................   Passed    0.12 sec
        Start  15: Messaging.All0183
 15/147 Test  #15: Messaging.All0183 ................................................................   Passed    0.13 sec
        Start  16: Messaging.AppMsg
 16/147 Test  #16: Messaging.AppMsg .................................................................   Passed    0.13 sec
        Start  17: Observable.torture
 17/147 Test  #17: Observable.torture ...............................................................   Passed    0.08 sec
        Start  18: Drivers.Registry
 18/147 Test  #18: Drivers.Registry .................................................................   Passed    0.08 sec
        Start  19: Navmsg2000.to_string
 19/147 Test  #19: Navmsg2000.to_string .............................................................   Passed    0.08 sec
        Start  20: FileDriver.Registration
 20/147 Test  #20: FileDriver.Registration ..........................................................   Passed    0.08 sec
        Start  21: FileDriver.output
 21/147 Test  #21: FileDriver.output ................................................................   Passed    0.08 sec
        Start  22: Listeners.vector
 22/147 Test  #22: Listeners.vector .................................................................   Passed    0.13 sec
        Start  23: Guernsey.play_log
 23/147 Test  #23: Guernsey.play_log ................................................................   Passed    0.13 sec
        Start  24: FindDriver.lookup
 24/147 Test  #24: FindDriver.lookup ................................................................   Passed    0.13 sec
        Start  25: Registry.persistence
 25/147 Test  #25: Registry.persistence .............................................................   Passed    0.12 sec
        Start  26: Position.ParseGGA
 26/147 Test  #26: Position.ParseGGA ................................................................   Passed    0.13 sec
        Start  27: Priority.Framework
 27/147 Test  #27: Priority.Framework ...............................................................   Passed    0.14 sec
        Start  28: Priority.DifferentSource
 28/147 Test  #28: Priority.DifferentSource .........................................................   Passed    0.15 sec
        Start  29: AIS.Decoding
 29/147 Test  #29: AIS.Decoding .....................................................................   Passed    0.19 sec
        Start  30: AIS.AISVDO
 30/147 Test  #30: AIS.AISVDO .......................................................................   Passed    0.15 sec
        Start  31: AIS.AISVDM
 31/147 Test  #31: AIS.AISVDM .......................................................................   Passed    0.12 sec
        Start  32: Navmsg.ActiveMessages
 32/147 Test  #32: Navmsg.ActiveMessages ............................................................   Passed    0.12 sec
        Start  33: Instance.StdInstanceChk
 33/147 Test  #33: Instance.StdInstanceChk ..........................................................   Passed    0.12 sec
        Start  34: Instance.WxInstanceChk
 34/147 Test  #34: Instance.WxInstanceChk ...........................................................   Passed    0.08 sec
        Start  35: IpcClient.IpcGetEndpoint
 35/147 Test  #35: IpcClient.IpcGetEndpoint .........................................................   Passed    0.41 sec
        Start  36: IpcClient.Raise
 36/147 Test  #36: IpcClient.Raise ..................................................................   Passed    0.39 sec
        Start  37: IpcClient.Open
 37/147 Test  #37: IpcClient.Open ...................................................................   Passed    0.39 sec
        Start  38: Plugin.Basic
 38/147 Test  #38: Plugin.Basic .....................................................................   Passed    0.12 sec
        Start  39: WaitContinue.Basic
 39/147 Test  #39: WaitContinue.Basic ...............................................................   Passed    0.16 sec
        Start  40: FormatTime.Basic
 40/147 Test  #40: FormatTime.Basic .................................................................   Passed    0.12 sec
        Start  41: SemanticVersion.Basic
 41/147 Test  #41: SemanticVersion.Basic ............................................................   Passed    0.14 sec
        Start  42: Filter.Create
 42/147 Test  #42: Filter.Create ....................................................................   Passed    0.11 sec
        Start  43: Filter.ListSystemFilters
 43/147 Test  #43: Filter.ListSystemFilters .........................................................   Passed    0.08 sec
        Start  44: DriverRegistry.RegisterDriver
 44/147 Test  #44: DriverRegistry.RegisterDriver ....................................................   Passed    1.08 sec
        Start  45: RestServer.start_stop
 45/147 Test  #45: RestServer.start_stop ............................................................   Passed    1.03 sec
        Start  46: RestServer.Ping
 46/147 Test  #46: RestServer.Ping ..................................................................   Passed    1.05 sec
        Start  47: RestServer.Pong
 47/147 Test  #47: RestServer.Pong ..................................................................   Passed    0.89 sec
        Start  48: RestServer.Version
 48/147 Test  #48: RestServer.Version ...............................................................   Passed    0.84 sec
        Start  49: RestServer.Object
 49/147 Test  #49: RestServer.Object ................................................................   Passed    1.15 sec
        Start  50: RestServer.CheckWrite
 50/147 Test  #50: RestServer.CheckWrite ............................................................   Passed    1.09 sec
        Start  51: RestServer.PluginMessage
 51/147 Test  #51: RestServer.PluginMessage .........................................................   Passed    1.27 sec
        Start  52: OpenNavDiagnostics.FreshnessFrameCoherence
 52/147 Test  #52: OpenNavDiagnostics.FreshnessFrameCoherence .......................................   Passed    0.13 sec
        Start  53: OpenNavPeerUnavailable.RejectsEmptyTransfersInsteadOfClaimingSuccess
 53/147 Test  #53: OpenNavPeerUnavailable.RejectsEmptyTransfersInsteadOfClaimingSuccess .............   Passed    0.08 sec
        Start  54: OpenNavPeerUnavailable.ForcedSendDoesNotInspectOrSerializeObjects
 54/147 Test  #54: OpenNavPeerUnavailable.ForcedSendDoesNotInspectOrSerializeObjects ................   Passed    0.08 sec
        Start  55: OpenNavPeerUnavailable.ClearsRetainedVersionWithoutPairingOrFallback
 55/147 Test  #55: OpenNavPeerUnavailable.ClearsRetainedVersionWithoutPairingOrFallback .............   Passed    0.10 sec
        Start  56: OpenNavPeerUnavailable.DirectKeyCheckRejectsWithoutSendingCredential
 56/147 Test  #56: OpenNavPeerUnavailable.DirectKeyCheckRejectsWithoutSendingCredential .............   Passed    0.16 sec
        Start  57: OpenNavPilotPresentation.MeasuredMagneticHeadingAndCommands
 57/147 Test  #57: OpenNavPilotPresentation.MeasuredMagneticHeadingAndCommands ......................   Passed    0.13 sec
        Start  58: OpenNavPilotPresentation.PendingAndTimeoutNeverInventConfirmation
 58/147 Test  #58: OpenNavPilotPresentation.PendingAndTimeoutNeverInventConfirmation ................   Passed    0.14 sec
        Start  59: OpenNavPilotPresentation.InvalidFreshnessAndHeading
 59/147 Test  #59: OpenNavPilotPresentation.InvalidFreshnessAndHeading ..............................   Passed    0.20 sec
        Start  60: OpenNavPilotPresentation.PermissionAndReplay
 60/147 Test  #60: OpenNavPilotPresentation.PermissionAndReplay .....................................   Passed    0.16 sec
        Start  61: OpenNavPilotPresentation.ProductStatusOnlyOverridesOldPermission
 61/147 Test  #61: OpenNavPilotPresentation.ProductStatusOnlyOverridesOldPermission .................   Passed    0.17 sec
        Start  62: OpenNavAnchorView.CurrentPositionAndUnavailableStates
 62/147 Test  #62: OpenNavAnchorView.CurrentPositionAndUnavailableStates ............................   Passed    0.13 sec
        Start  63: OpenNavAnchorView.ChangedPositionAndInvalidObservationsSuppressed
 63/147 Test  #63: OpenNavAnchorView.ChangedPositionAndInvalidObservationsSuppressed ................   Passed    0.15 sec
        Start  64: OpenNavAnchorView.HistoryOwnedBoundedAndNeverRefreshedByReading
 64/147 Test  #64: OpenNavAnchorView.HistoryOwnedBoundedAndNeverRefreshedByReading ..................   Passed    0.13 sec
        Start  65: OpenNavAnchorGeometry.PinnedMercatorProjectionIncludingAntimeridian
 65/147 Test  #65: OpenNavAnchorGeometry.PinnedMercatorProjectionIncludingAntimeridian ..............   Passed    0.09 sec
        Start  66: OpenNavAnchorGeometry.InvalidCoordinatesUnavailable
 66/147 Test  #66: OpenNavAnchorGeometry.InvalidCoordinatesUnavailable ..............................   Passed    0.11 sec
        Start  67: OpenNavPassage.CurrentObservationProvenance
 67/147 Test  #67: OpenNavPassage.CurrentObservationProvenance ......................................   Passed    0.09 sec
        Start  68: OpenNavEnergyView.CurrentObservationProvenance
 68/147 Test  #68: OpenNavEnergyView.CurrentObservationProvenance ...................................   Passed    0.10 sec
        Start  69: OpenNavInstruments.CurrentDirectionalProvenance
 69/147 Test  #69: OpenNavInstruments.CurrentDirectionalProvenance ..................................   Passed    0.09 sec
        Start  70: OpenNavSourceHealth.PerMeasurementAndIndependentAis
 70/147 Test  #70: OpenNavSourceHealth.PerMeasurementAndIndependentAis ..............................   Passed    0.10 sec
        Start  71: OpenNavFooter.OwnedNavigationAndHealth
 71/147 Test  #71: OpenNavFooter.OwnedNavigationAndHealth ...........................................   Passed    0.11 sec
        Start  72: OpenNavHorizon.OwnedAdviceAndActions
 72/147 Test  #72: OpenNavHorizon.OwnedAdviceAndActions .............................................   Passed    0.09 sec
        Start  73: OpenNavRouteGeometry.AntimeridianFirstMiddleFinalMatchUpstream
 73/147 Test  #73: OpenNavRouteGeometry.AntimeridianFirstMiddleFinalMatchUpstream ...................   Passed    0.08 sec
        Start  74: OpenNavRouteGeometry.ActualReverseAndEditChangeRevision
 74/147 Test  #74: OpenNavRouteGeometry.ActualReverseAndEditChangeRevision ..........................   Passed    0.08 sec
        Start  75: OpenNavRouteGeometry.RemovedRouteIsNotDereferencedAndSnapshotSurvivesDeletion
 75/147 Test  #75: OpenNavRouteGeometry.RemovedRouteIsNotDereferencedAndSnapshotSurvivesDeletion ....   Passed    0.08 sec
        Start  76: OpenNavRouteGeometry.RepeatedObjectAndGuidAreRejected
 76/147 Test  #76: OpenNavRouteGeometry.RepeatedObjectAndGuidAreRejected ............................   Passed    0.08 sec
        Start  77: OpenNavRouteGeometry.NestedEventGuardRejectsEditThenRestore
 77/147 Test  #77: OpenNavRouteGeometry.NestedEventGuardRejectsEditThenRestore ......................   Passed    0.08 sec
        Start  78: OpenNavRouteGeometry.OpenRouteOrPointEditRemainsUnavailable
 78/147 Test  #78: OpenNavRouteGeometry.OpenRouteOrPointEditRemainsUnavailable ......................   Passed    0.08 sec
        Start  79: OpenNavRouteGeometry.CopyRefusesWorkerThread
 79/147 Test  #79: OpenNavRouteGeometry.CopyRefusesWorkerThread .....................................   Passed    0.08 sec
        Start  80: OpenNavMarine.N2kBatteryPreservesInstanceAndSign
 80/147 Test  #80: OpenNavMarine.N2kBatteryPreservesInstanceAndSign .................................   Passed    0.11 sec
        Start  81: OpenNavMarine.RealAddressClaimUnifiesPackAcrossDifferentPgns
 81/147 Test  #81: OpenNavMarine.RealAddressClaimUnifiesPackAcrossDifferentPgns .....................   Passed    0.15 sec
        Start  82: OpenNavMarine.N2kHighVoltageSaturationIsUnavailable
 82/147 Test  #82: OpenNavMarine.N2kHighVoltageSaturationIsUnavailable ..............................   Passed    0.15 sec
        Start  83: OpenNavMarine.N2kSocAndSohDoNotInventCapacity
 83/147 Test  #83: OpenNavMarine.N2kSocAndSohDoNotInventCapacity ....................................   Passed    0.13 sec
        Start  84: OpenNavMarine.N2kRejectsEveryTruncatedEnvelope
 84/147 Test  #84: OpenNavMarine.N2kRejectsEveryTruncatedEnvelope ...................................   Passed    0.09 sec
        Start  85: OpenNavMarine.N2kHeadingRequiresReferenceProvenance
 85/147 Test  #85: OpenNavMarine.N2kHeadingRequiresReferenceProvenance ..............................   Passed    0.09 sec
        Start  86: OpenNavMarine.N2kWindDoesNotConfuseNorthAndRelativeAngles
 86/147 Test  #86: OpenNavMarine.N2kWindDoesNotConfuseNorthAndRelativeAngles ........................   Passed    0.08 sec
        Start  87: OpenNavMarine.N2kDepthRudderRpmAndTankUnits
 87/147 Test  #87: OpenNavMarine.N2kDepthRudderRpmAndTankUnits ......................................   Passed    0.09 sec
        Start  88: OpenNavMarine.NmeaMissingValuesNeverBecomeZero
 88/147 Test  #88: OpenNavMarine.NmeaMissingValuesNeverBecomeZero ...................................   Passed    0.11 sec
        Start  89: OpenNavMarine.NmeaChecksumsStatusAndWindUnits
 89/147 Test  #89: OpenNavMarine.NmeaChecksumsStatusAndWindUnits ....................................   Passed    0.17 sec
        Start  90: OpenNavMarine.SignalKIntegerRatioAndPackIdentity
 90/147 Test  #90: OpenNavMarine.SignalKIntegerRatioAndPackIdentity .................................   Passed    0.18 sec
        Start  91: OpenNavMarine.SignalKContextTimestampAndNulls
 91/147 Test  #91: OpenNavMarine.SignalKContextTimestampAndNulls ....................................   Passed    0.10 sec
        Start  92: OpenNavMarine.SignalKFractionalTimestampNativeClockResolution
 92/147 Test  #92: OpenNavMarine.SignalKFractionalTimestampNativeClockResolution ....................   Passed    0.09 sec
        Start  93: OpenNavMarine.SignalKSourceMissingAndUnknownPaths
 93/147 Test  #93: OpenNavMarine.SignalKSourceMissingAndUnknownPaths ................................   Passed    0.09 sec
        Start  94: OpenNavMarine.SignalKPropulsionAndExplicitExtensionMapping
 94/147 Test  #94: OpenNavMarine.SignalKPropulsionAndExplicitExtensionMapping .......................   Passed    0.09 sec
        Start  95: OpenNavMarine.ConfiguredLiveBatteryFeedsEnergyWithoutDemoDefaults
 95/147 Test  #95: OpenNavMarine.ConfiguredLiveBatteryFeedsEnergyWithoutDemoDefaults ................   Passed    0.10 sec
        Start  96: OpenNavMarine.PersistedPropulsionMappingsPreserveAgeAndDomain
 96/147 Test  #96: OpenNavMarine.PersistedPropulsionMappingsPreserveAgeAndDomain ....................   Passed    0.09 sec
        Start  97: OpenNavMarine.DcWideRangeVoltageCurrentFromBoatWire
 97/147 Test  #97: OpenNavMarine.DcWideRangeVoltageCurrentFromBoatWire ..............................   Passed    0.09 sec
        Start  98: OpenNavMarine.DcWideRangeSentinelsAndUnsignedVoltage
 98/147 Test  #98: OpenNavMarine.DcWideRangeSentinelsAndUnsignedVoltage .............................   Passed    0.10 sec
        Start  99: OpenNavMarine.DcWideRangePrecedenceKeepsEpochCoherent
 99/147 Test  #99: OpenNavMarine.DcWideRangePrecedenceKeepsEpochCoherent ............................   Passed    0.09 sec
        Start 100: OpenNavMarine.EngineTemperaturePreservesFieldMeaningAndLength
100/147 Test #100: OpenNavMarine.EngineTemperaturePreservesFieldMeaningAndLength ....................   Passed    0.11 sec
        Start 101: OpenNavMarine.TransmissionGearUsesPinnedDecoder
101/147 Test #101: OpenNavMarine.TransmissionGearUsesPinnedDecoder ..................................   Passed    0.10 sec
        Start 102: OpenNavMarine.BetaPgnTruncationAndReservedIdentity
102/147 Test #102: OpenNavMarine.BetaPgnTruncationAndReservedIdentity ...............................   Passed    0.10 sec
        Start 103: OpenNavMarine.ErrorCodesCannotBecomePlausibleMeasurements
103/147 Test #103: OpenNavMarine.ErrorCodesCannotBecomePlausibleMeasurements ........................   Passed    0.11 sec
        Start 104: OpenNavMarine.BoundBoatFieldsUseActualPinnedMarineDecoder
104/147 Test #104: OpenNavMarine.BoundBoatFieldsUseActualPinnedMarineDecoder ........................   Passed    0.14 sec
        Start 105: OpenNavMarine.NmeaRejectsUntrustedBytesBeforeWxParsing
105/147 Test #105: OpenNavMarine.NmeaRejectsUntrustedBytesBeforeWxParsing ...........................   Passed    0.16 sec
        Start 106: OpenNavMarine.N2kRejectsInvalidPriorityAndBoundedRandomEnvelopes
106/147 Test #106: OpenNavMarine.N2kRejectsInvalidPriorityAndBoundedRandomEnvelopes .................   Passed    0.18 sec
        Start 107: OpenNavMarine.SignalKRejectsDeepOrMalformedExternalText
107/147 Test #107: OpenNavMarine.SignalKRejectsDeepOrMalformedExternalText ..........................   Passed    0.18 sec
        Start 108: OpenNavMarine.SignalKUnicodeSourceAndDriverFraming
108/147 Test #108: OpenNavMarine.SignalKUnicodeSourceAndDriverFraming ...............................   Passed    0.10 sec
        Start 109: OpenNavAisClock.UsesPinnedWxUtcTickConvention
109/147 Test #109: OpenNavAisClock.UsesPinnedWxUtcTickConvention ....................................   Passed    0.11 sec
        Start 110: OpenNavAisClock.SameElapsedTimeInUtcAndEastAndWestTimezones
110/147 Test #110: OpenNavAisClock.SameElapsedTimeInUtcAndEastAndWestTimezones ......................   Passed    0.10 sec
        Start 111: OpenNavAisClock.RetainsStaleObservationAge
111/147 Test #111: OpenNavAisClock.RetainsStaleObservationAge .......................................   Passed    0.09 sec
        Start 112: OpenNavAisClock.RejectsFutureMissingImplausibleAndOverflowReports
112/147 Test #112: OpenNavAisClock.RejectsFutureMissingImplausibleAndOverflowReports ................   Passed    0.10 sec
        Start 113: OpenNavSettings.PersistsInSharedProfileWithoutChangingOtherEntries
113/147 Test #113: OpenNavSettings.PersistsInSharedProfileWithoutChangingOtherEntries ...............   Passed    0.10 sec
        Start 114: OpenNavSettings.CorruptRecordPreservedAndFailsClosed
114/147 Test #114: OpenNavSettings.CorruptRecordPreservedAndFailsClosed .............................   Passed    0.10 sec
        Start 115: OpenNavSettings.DisplayPreferencesRoundTripWithoutChangingOlderSettings
115/147 Test #115: OpenNavSettings.DisplayPreferencesRoundTripWithoutChangingOlderSettings ..........   Passed    0.13 sec
        Start 116: OpenNavSettings.InvalidDisplayRecordPreservedAndInvalidSaveRejected
116/147 Test #116: OpenNavSettings.InvalidDisplayRecordPreservedAndInvalidSaveRejected ..............   Passed    0.16 sec
        Start 117: OpenNavSettings.DisplayFailedFlushRestoresAppliedValue
117/147 Test #117: OpenNavSettings.DisplayFailedFlushRestoresAppliedValue ...........................   Passed    0.16 sec
        Start 118: OpenNavSettings.FailedFlushRestoresPreviousValue
118/147 Test #118: OpenNavSettings.FailedFlushRestoresPreviousValue .................................   Passed    0.15 sec
        Start 119: OpenNavSettings.VesselProfileKeepsLegacyRecordAndUnconfiguredEnergy
119/147 Test #119: OpenNavSettings.VesselProfileKeepsLegacyRecordAndUnconfiguredEnergy ..............   Passed    0.15 sec
        Start 120: OpenNavSettings.VesselSaveFailedFlushRestoresAllThreeEntries
120/147 Test #120: OpenNavSettings.VesselSaveFailedFlushRestoresAllThreeEntries .....................   Passed    0.12 sec
        Start 121: OpenNavSettings.VesselSavePersistsEditedChartNameAndBattery
121/147 Test #121: OpenNavSettings.VesselSavePersistsEditedChartNameAndBattery ......................   Passed    0.11 sec
        Start 122: OpenNavSettings.WorkerCannotWriteConfiguration
122/147 Test #122: OpenNavSettings.WorkerCannotWriteConfiguration ...................................   Passed    0.11 sec
        Start 123: OpenNavOnlineAIS.DefaultOffAndPersistentOptInNeedsValidLiveViewport
123/147 Test #123: OpenNavOnlineAIS.DefaultOffAndPersistentOptInNeedsValidLiveViewport ..............   Passed    0.11 sec
        Start 124: OpenNavOnlineAIS.UnknownConfigurationIsPreservedAndDisabled
124/147 Test #124: OpenNavOnlineAIS.UnknownConfigurationIsPreservedAndDisabled ......................   Passed    0.17 sec
        Start 125: OpenNavOnlineAIS.InvalidViewportAndReplayStopNetworking
125/147 Test #125: OpenNavOnlineAIS.InvalidViewportAndReplayStopNetworking ..........................   Passed    0.17 sec
        Start 126: OpenNavOnlineAIS.FailedEnableRestoresTheExactPreviousPreference
126/147 Test #126: OpenNavOnlineAIS.FailedEnableRestoresTheExactPreviousPreference ..................   Passed    0.15 sec
        Start 127: OpenNavOnlineAIS.DisableStopsImmediatelyEvenWhenPersistenceFails
127/147 Test #127: OpenNavOnlineAIS.DisableStopsImmediatelyEvenWhenPersistenceFails .................   Passed    0.16 sec
        Start 128: OpenNavOnlineAIS.CredentialIsSeparateAndDoesNotImplicitlyEnable
128/147 Test #128: OpenNavOnlineAIS.CredentialIsSeparateAndDoesNotImplicitlyEnable ..................   Passed    0.10 sec
        Start 129: OpenNavOnlineAIS.FailedRemovalStillDisablesAndSuccessfulRemovalVerifiesAbsence
129/147 Test #129: OpenNavOnlineAIS.FailedRemovalStillDisablesAndSuccessfulRemovalVerifiesAbsence ...   Passed    0.10 sec
        Start 130: OpenNavOnlineAIS.WorkerCannotWriteSettingsOrCredentials
130/147 Test #130: OpenNavOnlineAIS.WorkerCannotWriteSettingsOrCredentials ..........................   Passed    0.10 sec
        Start 131: OpenNavOnlineAIS.PinnedOrderedBoundingBoxPreservesDatelineAndWorldExtent
131/147 Test #131: OpenNavOnlineAIS.PinnedOrderedBoundingBoxPreservesDatelineAndWorldExtent .........   Passed    0.09 sec
        Start 132: OpenNavOnlineAIS.InvalidAndOverflowViewportCannotCreateSubscription
132/147 Test #132: OpenNavOnlineAIS.InvalidAndOverflowViewportCannotCreateSubscription ..............   Passed    0.11 sec
        Start 133: OpenNavRecovery.ActualJournalCountsCrashesAndPreservesRetryEvidence
133/147 Test #133: OpenNavRecovery.ActualJournalCountsCrashesAndPreservesRetryEvidence ..............   Passed    0.10 sec
        Start 134: OpenNavRecovery.HealthyRequiresDeferredInitializationAndThirtySeconds
134/147 Test #134: OpenNavRecovery.HealthyRequiresDeferredInitializationAndThirtySeconds ............   Passed    0.13 sec
        Start 135: OpenNavRecovery.CorruptJournalFailsClosedWithoutTouchingNavigationData
135/147 Test #135: OpenNavRecovery.CorruptJournalFailsClosedWithoutTouchingNavigationData ...........   Passed    0.10 sec
        Start 136: OpenNavDiscovery.RepeatedScansReleaseAllOwnedReferences
136/147 Test #136: OpenNavDiscovery.RepeatedScansReleaseAllOwnedReferences ..........................   Passed    0.37 sec
        Start 137: OpenNavDiscovery.ContextFailureReturnsUnavailableCatalog
137/147 Test #137: OpenNavDiscovery.ContextFailureReturnsUnavailableCatalog .........................   Passed    0.10 sec
        Start 138: OpenNavDiscovery.ScanFailureReleasesContext
138/147 Test #138: OpenNavDiscovery.ScanFailureReleasesContext ......................................   Passed    0.10 sec
        Start 139: Buffer.Single
139/147 Test #139: Buffer.Single ....................................................................   Passed    0.10 sec
        Start 140: Buffer.Size_3
140/147 Test #140: Buffer.Size_3 ....................................................................   Passed    0.10 sec
        Start 141: Buffer.Hakefjord
141/147 Test #141: Buffer.Hakefjord .................................................................   Passed    0.26 sec
        Start 142: Buffer.RateLimit1
142/147 Test #142: Buffer.RateLimit1 ................................................................   Passed    0.12 sec
        Start 143: Buffer.RateLimit2
143/147 Test #143: Buffer.RateLimit2 ................................................................   Passed    0.30 sec
        Start 144: Buffer.RateAndSizeLimit
144/147 Test #144: Buffer.RateAndSizeLimit ..........................................................   Passed    0.20 sec
        Start 145: Buffer.OverrunEvent
145/147 Test #145: Buffer.OverrunEvent ..............................................................   Passed    0.13 sec
        Start 146: N0183Nuffer.Basic
146/147 Test #146: N0183Nuffer.Basic ................................................................   Passed    0.16 sec
        Start 147: IpcServer.Commands
147/147 Test #147: IpcServer.Commands ...............................................................   Passed    0.44 sec

100% tests passed out of 147

Total Test time (real) =  26.74 sec
